pdb_id,algorithm,success,runtime_seconds,best_score,rmsd_angstrom,num_poses,timestamp,error,resolution,year,pK,affinity_value,affinity_unit,affinity_type,affinity_nM,affinity_range
1a9q,monte_carlo_cpu,True,47.86,0.0,1.080232009892746,10.0,2025-12-06T23:44:51.462083,,2.0,1998,6.17,0.68,uM,Kd,680.0,"Moderate
(6≤pK<8)"
1a9q,genetic_algorithm_cpu,True,5.13,-160.69144787873404,0.9074847866922152,10.0,2025-12-06T23:44:56.588474,,2.0,1998,6.17,0.68,uM,Kd,680.0,"Moderate
(6≤pK<8)"
1a9q,hierarchical_cpu,True,5.55,10.0,0.9068069390521102,9.0,2025-12-06T23:45:02.135608,,2.0,1998,6.17,0.68,uM,Kd,680.0,"Moderate
(6≤pK<8)"
1a9q,enhanced_hierarchical_cpu,True,0.4,-4.945057182912517,1.6265923794220767e-06,20.0,2025-12-06T23:45:02.538162,,2.0,1998,6.17,0.68,uM,Kd,680.0,"Moderate
(6≤pK<8)"
1a9q,crystal_guided_cpu,True,4.48,-1.9347256706225855,0.9068069390594043,10.0,2025-12-06T23:45:07.016328,,2.0,1998,6.17,0.68,uM,Kd,680.0,"Moderate
(6≤pK<8)"
1a9q,cuda_genetic_algorithm,True,36.76,-1.6646831035614014,0.0,100.0,2025-12-06T23:55:44.119165,,2.0,1998,6.17,0.68,uM,Kd,680.0,"Moderate
(6≤pK<8)"
1a9q,enhanced_hierarchical_gpu,True,1.1,-2.186657667160034,1.6265923794220767e-06,100.0,2025-12-06T23:55:45.218254,,2.0,1998,6.17,0.68,uM,Kd,680.0,"Moderate
(6≤pK<8)"
1b5j,enhanced_hierarchical_cpu,True,0.46,-4.998582591766434,7.458759367089205e-06,20.0,2025-12-06T23:56:52.350737,,1.8,1999,7.43,37.0,nM,Kd,37.0,"Moderate
(6≤pK<8)"
1b5j,crystal_guided_cpu,True,7.15,-1.9347256706225855,2.8120474783183536,10.0,2025-12-06T23:57:00.398966,,1.8,1999,7.43,37.0,nM,Kd,37.0,"Moderate
(6≤pK<8)"
1b5j,cuda_genetic_algorithm,True,36.95,-1.648798584938049,3.3457108280450026e-07,100.0,2025-12-06T23:57:40.100276,,1.8,1999,7.43,37.0,nM,Kd,37.0,"Moderate
(6≤pK<8)"
1b5j,enhanced_hierarchical_gpu,True,1.36,-3.837149143218994,4.488742106739442e-06,100.0,2025-12-06T23:57:42.412006,,1.8,1999,7.43,37.0,nM,Kd,37.0,"Moderate
(6≤pK<8)"
1ciz,monte_carlo_cpu,True,217.92,-224.4116712696644,2.393493178504218,10.0,2025-12-07T00:01:23.952224,,1.64,1999,7.44,36.0,nM,Ki,36.0,"Moderate
(6≤pK<8)"
1ciz,genetic_algorithm_cpu,True,5.94,-277.76360759951655,2.3934931785044915,10.0,2025-12-07T00:01:33.620576,,1.64,1999,7.44,36.0,nM,Ki,36.0,"Moderate
(6≤pK<8)"
1ciz,hierarchical_cpu,True,7.68,-15.0,2.393493178504628,10.0,2025-12-07T00:01:45.091629,,1.64,1999,7.44,36.0,nM,Ki,36.0,"Moderate
(6≤pK<8)"
1ciz,enhanced_hierarchical_cpu,True,0.38,10.0,2.116401791154685,20.0,2025-12-07T00:01:49.119052,,1.64,1999,7.44,36.0,nM,Ki,36.0,"Moderate
(6≤pK<8)"
1ciz,crystal_guided_cpu,True,4.95,-1.9347256706225855,2.393493178503262,10.0,2025-12-07T00:01:57.834734,,1.64,1999,7.44,36.0,nM,Ki,36.0,"Moderate
(6≤pK<8)"
1ciz,cuda_genetic_algorithm,True,37.27,-1.9855966567993164,2.116401787073098,100.0,2025-12-07T00:12:39.095761,,1.64,1999,7.44,36.0,nM,Ki,36.0,"Moderate
(6≤pK<8)"
1ciz,enhanced_hierarchical_gpu,True,0.9,-3.28829026222229,2.116401835099269,100.0,2025-12-07T00:12:43.864291,,1.64,1999,7.44,36.0,nM,Ki,36.0,"Moderate
(6≤pK<8)"
1drk,monte_carlo_cpu,True,16.01,0.0,0.9517571350036956,2.0,2025-12-07T00:12:59.877694,,2.0,1995,6.82,0.15,uM,Kd,150.0,"Moderate
(6≤pK<8)"
1drk,genetic_algorithm_cpu,True,2.11,-96.36189665293983,1.2716897909701588,10.0,2025-12-07T00:13:01.984118,,2.0,1995,6.82,0.15,uM,Kd,150.0,"Moderate
(6≤pK<8)"
1drk,hierarchical_cpu,True,2.19,10.0,1.1065605693510456,5.0,2025-12-07T00:13:04.172641,,2.0,1995,6.82,0.15,uM,Kd,150.0,"Moderate
(6≤pK<8)"
1drk,enhanced_hierarchical_cpu,True,0.13,10.0,0.0,20.0,2025-12-07T00:13:04.299991,,2.0,1995,6.82,0.15,uM,Kd,150.0,"Moderate
(6≤pK<8)"
1drk,crystal_guided_cpu,True,1.53,-1.9347256706225855,1.1065605693595937,10.0,2025-12-07T00:13:05.828192,,2.0,1995,6.82,0.15,uM,Kd,150.0,"Moderate
(6≤pK<8)"
1drk,cuda_monte_carlo,True,341.0,-4.505744934082031,3.908901506790008e-06,1000.0,2025-12-07T00:18:46.833659,,2.0,1995,6.82,0.15,uM,Kd,150.0,"Moderate
(6≤pK<8)"
1drk,cuda_genetic_algorithm,True,34.92,-1.7023019790649414,0.0,100.0,2025-12-07T00:19:21.755743,,2.0,1995,6.82,0.15,uM,Kd,150.0,"Moderate
(6≤pK<8)"
1drk,enhanced_hierarchical_gpu,True,0.39,-2.310577392578125,2.256805337180945e-06,100.0,2025-12-07T00:19:22.147635,,2.0,1995,6.82,0.15,uM,Kd,150.0,"Moderate
(6≤pK<8)"
1e2k,monte_carlo_cpu,True,30.53,0.0,2.0051006383388144,1.0,2025-12-07T00:19:52.683156,,1.7,2000,4.94,11.4,uM,Ki,11400.0,"Weak
(4≤pK<6)"
1e2k,hierarchical_cpu,True,5.83,10.0,0.7725986238574951,2.0,2025-12-07T00:20:00.893797,,1.7,2000,4.94,11.4,uM,Ki,11400.0,"Weak
(4≤pK<6)"
1e2k,enhanced_hierarchical_cpu,True,0.34,-4.986806714440123,0.0,20.0,2025-12-07T00:20:01.233480,,1.7,2000,4.94,11.4,uM,Ki,11400.0,"Weak
(4≤pK<6)"
1e2k,crystal_guided_cpu,True,3.82,-1.9347256706225855,0.7776380513899824,10.0,2025-12-07T00:20:05.049956,,1.7,2000,4.94,11.4,uM,Ki,11400.0,"Weak
(4≤pK<6)"
1e2k,cuda_genetic_algorithm,True,32.67,-1.6892244815826416,0.0,100.0,2025-12-07T00:30:38.272740,,1.7,2000,4.94,11.4,uM,Ki,11400.0,"Weak
(4≤pK<6)"
1e2k,enhanced_hierarchical_gpu,True,1.18,-2.472123146057129,1.8503999712854995e-06,100.0,2025-12-07T00:30:39.454458,,1.7,2000,4.94,11.4,uM,Ki,11400.0,"Weak
(4≤pK<6)"
1e5j,monte_carlo_cpu,True,84.55,0.0,3.092503871324554,10.0,2025-12-07T00:32:04.027001,,1.85,2001,4.0,100.0,uM,Ki,100000.0,"Very Weak
(pK<4)"
1e5j,genetic_algorithm_cpu,True,8.41,-240.24170795974916,3.1134309637705155,10.0,2025-12-07T00:32:12.436799,,1.85,2001,4.0,100.0,uM,Ki,100000.0,"Very Weak
(pK<4)"
1e5j,hierarchical_cpu,True,8.74,-15.0,3.113430963770204,10.0,2025-12-07T00:32:21.178191,,1.85,2001,4.0,100.0,uM,Ki,100000.0,"Very Weak
(pK<4)"
1e5j,enhanced_hierarchical_cpu,True,0.42,10.0,1.1373229866026765e-06,20.0,2025-12-07T00:32:21.600559,,1.85,2001,4.0,100.0,uM,Ki,100000.0,"Very Weak
(pK<4)"
1e5j,crystal_guided_cpu,True,6.13,-1.9347256706225855,3.0925038713235087,10.0,2025-12-07T00:32:27.728658,,1.85,2001,4.0,100.0,uM,Ki,100000.0,"Very Weak
(pK<4)"
1e5j,cuda_genetic_algorithm,True,43.72,-2.0105185508728027,0.0,100.0,2025-12-07T00:33:12.952387,,1.85,2001,4.0,100.0,uM,Ki,100000.0,"Very Weak
(pK<4)"
1e5j,enhanced_hierarchical_gpu,True,1.41,-2.783231735229492,1.5045368914539631e-06,100.0,2025-12-07T00:33:14.367834,,1.85,2001,4.0,100.0,uM,Ki,100000.0,"Very Weak
(pK<4)"
1f4f,monte_carlo_cpu,True,40.67,0.0,0.8646215823484942,5.0,2025-12-07T00:33:55.047887,,2.0,2000,4.62,24.0,uM,Ki,24000.0,"Weak
(4≤pK<6)"
1f4f,genetic_algorithm_cpu,True,5.63,-356.82440397499715,2.265248244325622,10.0,2025-12-07T00:34:00.682713,,2.0,2000,4.62,24.0,uM,Ki,24000.0,"Weak
(4≤pK<6)"
1f4f,hierarchical_cpu,True,5.86,-15.0,2.1422642707006245,10.0,2025-12-07T00:34:06.546733,,2.0,2000,4.62,24.0,uM,Ki,24000.0,"Weak
(4≤pK<6)"
1f4f,enhanced_hierarchical_cpu,True,0.43,-4.987771082805127,9.438927827937956e-07,20.0,2025-12-07T00:34:06.978775,,2.0,2000,4.62,24.0,uM,Ki,24000.0,"Weak
(4≤pK<6)"
1f4f,crystal_guided_cpu,True,4.66,-1.9347256706225855,2.2652482443233937,10.0,2025-12-07T00:34:11.637279,,2.0,2000,4.62,24.0,uM,Ki,24000.0,"Weak
(4≤pK<6)"
1f4f,cuda_genetic_algorithm,True,35.66,-1.7259149551391602,5.449567522321428e-07,100.0,2025-12-07T00:34:48.762867,,2.0,2000,4.62,24.0,uM,Ki,24000.0,"Weak
(4≤pK<6)"
1f4f,enhanced_hierarchical_gpu,True,1.59,-2.6258983612060547,1.3348659748530678e-06,100.0,2025-12-07T00:34:50.353765,,2.0,2000,4.62,24.0,uM,Ki,24000.0,"Weak
(4≤pK<6)"
1fkg,monte_carlo_cpu,True,85.8,-145.35019405735522,3.913217457905888,10.0,2025-12-07T00:36:16.732015,,2.0,1994,8.0,10.0,nM,Ki,10.0,"Moderate
(6≤pK<8)"
1fkg,genetic_algorithm_cpu,True,4.45,-543.7742794558671,3.9132174579059154,10.0,2025-12-07T00:36:21.747792,,2.0,1994,8.0,10.0,nM,Ki,10.0,"Moderate
(6≤pK<8)"
1fkg,hierarchical_cpu,True,6.89,-15.0,3.913217457905806,10.0,2025-12-07T00:36:29.198884,,2.0,1994,8.0,10.0,nM,Ki,10.0,"Moderate
(6≤pK<8)"
1fkg,enhanced_hierarchical_cpu,True,0.27,-4.993239024363824,6.542151838016847e-07,20.0,2025-12-07T00:36:30.035041,,2.0,1994,8.0,10.0,nM,Ki,10.0,"Moderate
(6≤pK<8)"
1fkg,crystal_guided_cpu,True,3.32,-1.9347256706225855,3.9132174579081576,10.0,2025-12-07T00:36:33.927594,,2.0,1994,8.0,10.0,nM,Ki,10.0,"Moderate
(6≤pK<8)"
1fkg,cuda_monte_carlo,True,435.46,3.314541339874268,6.985106711117635e-06,1000.0,2025-12-07T00:43:49.961662,,2.0,1994,8.0,10.0,nM,Ki,10.0,"Moderate
(6≤pK<8)"
1fkg,cuda_genetic_algorithm,True,31.74,-1.971503496170044,1.3877999784641245e-06,100.0,2025-12-07T00:44:22.287909,,2.0,1994,8.0,10.0,nM,Ki,10.0,"Moderate
(6≤pK<8)"
1fkg,enhanced_hierarchical_gpu,True,0.53,-2.828138589859009,1.8503999712854995e-06,100.0,2025-12-07T00:44:23.429241,,2.0,1994,8.0,10.0,nM,Ki,10.0,"Moderate
(6≤pK<8)"
1flr,monte_carlo_cpu,True,56.03,-155.52441995461837,0.7830370400067,10.0,2025-12-07T00:45:19.466005,,1.85,1995,10.0,0.1,nM,Kd,0.1,"Strong
(8≤pK<10)"
1flr,genetic_algorithm_cpu,True,4.24,-132.27019469117215,0.2957426881544187,10.0,2025-12-07T00:45:23.706921,,1.85,1995,10.0,0.1,nM,Kd,0.1,"Strong
(8≤pK<10)"
1flr,hierarchical_cpu,True,5.52,-15.0,0.7830370400082068,10.0,2025-12-07T00:45:29.226852,,1.85,1995,10.0,0.1,nM,Kd,0.1,"Strong
(8≤pK<10)"
1flr,enhanced_hierarchical_cpu,True,0.23,-4.982851426081204,1.254264734690531e-06,20.0,2025-12-07T00:45:29.455538,,1.85,1995,10.0,0.1,nM,Kd,0.1,"Strong
(8≤pK<10)"
1flr,crystal_guided_cpu,True,2.98,-1.9347256706225855,0.7830370399871116,10.0,2025-12-07T00:45:32.435487,,1.85,1995,10.0,0.1,nM,Kd,0.1,"Strong
(8≤pK<10)"
1flr,cuda_genetic_algorithm,True,35.28,-1.7055753469467163,8.868990993028205e-07,100.0,2025-12-07T00:56:07.795874,,1.85,1995,10.0,0.1,nM,Kd,0.1,"Strong
(8≤pK<10)"
1flr,enhanced_hierarchical_gpu,True,0.94,-1.616950750350952,1.983166675224443e-06,100.0,2025-12-07T00:56:08.736316,,1.85,1995,10.0,0.1,nM,Kd,0.1,"Strong
(8≤pK<10)"
1g54,monte_carlo_cpu,True,112.33,-196.47655106753064,0.9016438534300624,10.0,2025-12-07T00:58:01.069730,,1.86,2000,8.82,1.5,nM,Kd,1.5,"Strong
(8≤pK<10)"
1g54,genetic_algorithm_cpu,True,3.25,-149.53097516030263,1.543673883320323,10.0,2025-12-07T00:58:04.320726,,1.86,2000,8.82,1.5,nM,Kd,1.5,"Strong
(8≤pK<10)"
1g54,hierarchical_cpu,True,3.23,-15.0,1.543673883320323,10.0,2025-12-07T00:58:07.550551,,1.86,2000,8.82,1.5,nM,Kd,1.5,"Strong
(8≤pK<10)"
1g54,enhanced_hierarchical_cpu,True,0.18,-4.9899800077080805,7.671353021048009e-07,20.0,2025-12-07T00:58:07.734703,,1.86,2000,8.82,1.5,nM,Kd,1.5,"Strong
(8≤pK<10)"
1g54,crystal_guided_cpu,True,2.13,-1.9347256706225855,1.34614809049191,10.0,2025-12-07T00:58:09.870447,,1.86,2000,8.82,1.5,nM,Kd,1.5,"Strong
(8≤pK<10)"
1g54,cuda_monte_carlo,True,495.7,-1.1621078252792358,2.667481686753383e-06,1000.0,2025-12-07T01:06:25.570494,,1.86,2000,8.82,1.5,nM,Kd,1.5,"Strong
(8≤pK<10)"
1g54,cuda_genetic_algorithm,True,31.98,-1.7715156078338623,4.006233455738096e-07,100.0,2025-12-07T01:06:57.547219,,1.86,2000,8.82,1.5,nM,Kd,1.5,"Strong
(8≤pK<10)"
1g54,enhanced_hierarchical_gpu,True,0.7,-2.5277292728424072,8.339639970733701e-07,100.0,2025-12-07T01:06:58.243911,,1.86,2000,8.82,1.5,nM,Kd,1.5,"Strong
(8≤pK<10)"
1g74,monte_carlo_cpu,True,50.88,-122.82415721593576,3.0814749119586904,6.0,2025-12-07T01:07:49.316886,,1.7,2003,6.52,0.3,uM,Kd,300.0,"Moderate
(6≤pK<8)"
1g74,genetic_algorithm_cpu,True,4.03,-145.51887633000615,3.9197735666769504,10.0,2025-12-07T01:07:53.528582,,1.7,2003,6.52,0.3,uM,Kd,300.0,"Moderate
(6≤pK<8)"
1g74,hierarchical_cpu,True,5.41,-15.0,3.8086020318192135,10.0,2025-12-07T01:07:59.118040,,1.7,2003,6.52,0.3,uM,Kd,300.0,"Moderate
(6≤pK<8)"
1g74,enhanced_hierarchical_cpu,True,0.22,-4.997405304301548,0.0,20.0,2025-12-07T01:07:59.522598,,1.7,2003,6.52,0.3,uM,Kd,300.0,"Moderate
(6≤pK<8)"
1g74,crystal_guided_cpu,True,2.64,-1.9347256706225855,3.9197735666824505,10.0,2025-12-07T01:08:02.347193,,1.7,2003,6.52,0.3,uM,Kd,300.0,"Moderate
(6≤pK<8)"
1g74,cuda_monte_carlo,True,430.37,-1.248485088348389,4.525535690320889e-06,1000.0,2025-12-07T01:15:12.908461,,1.7,2003,6.52,0.3,uM,Kd,300.0,"Moderate
(6≤pK<8)"
1g74,cuda_genetic_algorithm,True,30.19,-1.6687612533569336,2.321550824928988e-06,100.0,2025-12-07T01:15:43.285203,,1.7,2003,6.52,0.3,uM,Kd,300.0,"Moderate
(6≤pK<8)"
1g74,enhanced_hierarchical_gpu,True,0.53,-2.858643054962158,5.686614933013381e-06,100.0,2025-12-07T01:15:44.000694,,1.7,2003,6.52,0.3,uM,Kd,300.0,"Moderate
(6≤pK<8)"
1ghw,monte_carlo_cpu,True,31.82,0.0,1.7440142808862151,4.0,2025-12-07T01:16:15.829259,,1.75,2002,4.2,63.0,uM,Ki,63000.0,"Weak
(4≤pK<6)"
1ghw,genetic_algorithm_cpu,True,4.46,-348.4900520213054,1.8367737240679756,10.0,2025-12-07T01:16:20.291086,,1.75,2002,4.2,63.0,uM,Ki,63000.0,"Weak
(4≤pK<6)"
1ghw,hierarchical_cpu,True,6.41,-15.0,1.83677372406768,10.0,2025-12-07T01:16:26.704155,,1.75,2002,4.2,63.0,uM,Ki,63000.0,"Weak
(4≤pK<6)"
1ghw,enhanced_hierarchical_cpu,True,0.25,-4.984281013494282,5.564307842174322e-07,20.0,2025-12-07T01:16:26.960370,,1.75,2002,4.2,63.0,uM,Ki,63000.0,"Weak
(4≤pK<6)"
1ghw,crystal_guided_cpu,True,3.29,-1.9347256706225855,1.8367737240683124,10.0,2025-12-07T01:16:30.253790,,1.75,2002,4.2,63.0,uM,Ki,63000.0,"Weak
(4≤pK<6)"
1ghw,cuda_genetic_algorithm,True,31.83,-1.6234769821166992,0.0,100.0,2025-12-07T01:27:02.458983,,1.75,2002,4.2,63.0,uM,Ki,63000.0,"Weak
(4≤pK<6)"
1ghw,enhanced_hierarchical_gpu,True,0.87,-2.907613039016724,1.8030418145624576e-06,100.0,2025-12-07T01:27:03.335580,,1.75,2002,4.2,63.0,uM,Ki,63000.0,"Weak
(4≤pK<6)"
1h1s,monte_carlo_cpu,True,167.67,-211.0074004950578,1.7080923258504697,10.0,2025-12-07T01:29:51.102579,,2.0,2002,8.22,6.0,nM,Ki,6.0,"Strong
(8≤pK<10)"
1h1s,genetic_algorithm_cpu,True,7.55,-200.92376623690208,1.7080923258504697,10.0,2025-12-07T01:29:58.729455,,2.0,2002,8.22,6.0,nM,Ki,6.0,"Strong
(8≤pK<10)"
1h1s,hierarchical_cpu,True,11.21,-15.0,2.3959720538553286,10.0,2025-12-07T01:30:10.021132,,2.0,2002,8.22,6.0,nM,Ki,6.0,"Strong
(8≤pK<10)"
1h1s,enhanced_hierarchical_cpu,True,0.41,10.0,9.3911354812113e-07,20.0,2025-12-07T01:30:10.510044,,2.0,2002,8.22,6.0,nM,Ki,6.0,"Strong
(8≤pK<10)"
1h1s,crystal_guided_cpu,True,6.36,-1.9347256706225855,2.3959720538534883,10.0,2025-12-07T01:30:16.946040,,2.0,2002,8.22,6.0,nM,Ki,6.0,"Strong
(8≤pK<10)"
1h1s,cuda_genetic_algorithm,True,34.35,-1.945141553878784,0.0,100.0,2025-12-07T01:30:53.271725,,2.0,2002,8.22,6.0,nM,Ki,6.0,"Strong
(8≤pK<10)"
1hlk,monte_carlo_cpu,True,42.55,0.0,0.7996169854507703,10.0,2025-12-07T01:31:37.865412,,2.5,2001,5.0,10.0,uM,Ki,10000.0,"Weak
(4≤pK<6)"
1hlk,genetic_algorithm_cpu,True,3.47,-391.61770111236746,0.7996169854522459,10.0,2025-12-07T01:31:41.331756,,2.5,2001,5.0,10.0,uM,Ki,10000.0,"Weak
(4≤pK<6)"
1hlk,hierarchical_cpu,True,3.42,-15.0,0.7996169854527377,10.0,2025-12-07T01:31:44.751149,,2.5,2001,5.0,10.0,uM,Ki,10000.0,"Weak
(4≤pK<6)"
1hlk,enhanced_hierarchical_cpu,True,0.19,-4.992399798462365,8.868990993028205e-07,20.0,2025-12-07T01:31:44.937882,,2.5,2001,5.0,10.0,uM,Ki,10000.0,"Weak
(4≤pK<6)"
1hlk,crystal_guided_cpu,True,2.26,-1.9347256706225855,0.7438280161748534,10.0,2025-12-07T01:31:47.193980,,2.5,2001,5.0,10.0,uM,Ki,10000.0,"Weak
(4≤pK<6)"
1hlk,cuda_monte_carlo,True,461.24,1.602799892425537,3.007621176604157e-06,1000.0,2025-12-07T01:39:28.434233,,2.5,2001,5.0,10.0,uM,Ki,10000.0,"Weak
(4≤pK<6)"
1hlk,cuda_genetic_algorithm,True,37.91,-2.008216381072998,0.0,100.0,2025-12-07T01:40:06.348346,,2.5,2001,5.0,10.0,uM,Ki,10000.0,"Weak
(4≤pK<6)"
1hlk,enhanced_hierarchical_gpu,True,0.57,-2.11063289642334,1.086225123312949e-06,100.0,2025-12-07T01:40:06.915331,,2.5,2001,5.0,10.0,uM,Ki,10000.0,"Weak
(4≤pK<6)"
1hvk,monte_carlo_cpu,True,213.86,-220.44748820216688,2.869488759230529,10.0,2025-12-07T01:43:44.206398,,1.8,1994,10.96,11.0,pM,Ki,0.011,"Very Strong
(pK≥10)"
1hvk,genetic_algorithm_cpu,True,10.72,-488.6876126342095,4.088188801607654,10.0,2025-12-07T01:43:58.571550,,1.8,1994,10.96,11.0,pM,Ki,0.011,"Very Strong
(pK≥10)"
1hvk,hierarchical_cpu,True,13.62,-15.0,5.64333547974965,10.0,2025-12-07T01:44:15.732368,,1.8,1994,10.96,11.0,pM,Ki,0.011,"Very Strong
(pK≥10)"
1hvk,enhanced_hierarchical_cpu,True,0.49,-4.6889637104266,3.0673385663160177e-07,20.0,2025-12-07T01:44:19.720677,,1.8,1994,10.96,11.0,pM,Ki,0.011,"Very Strong
(pK≥10)"
1hvk,crystal_guided_cpu,True,7.13,-1.9347256706225855,5.643335479753829,10.0,2025-12-07T01:44:30.496115,,1.8,1994,10.96,11.0,pM,Ki,0.011,"Very Strong
(pK≥10)"
1hvk,cuda_genetic_algorithm,True,36.03,-1.6812187433242798,6.858777544289363e-07,100.0,2025-12-07T01:55:10.799988,,1.8,1994,10.96,11.0,pM,Ki,0.011,"Very Strong
(pK≥10)"
1hvk,enhanced_hierarchical_gpu,True,1.23,-3.946828365325928,6.134677132632035e-07,100.0,2025-12-07T01:55:15.506503,,1.8,1994,10.96,11.0,pM,Ki,0.011,"Very Strong
(pK≥10)"
1laf,monte_carlo_cpu,True,26.82,-131.76164589787754,2.2600303648747984,1.0,2025-12-07T01:55:42.331528,,2.06,1995,7.85,14.0,nM,Kd,14.0,"Moderate
(6≤pK<8)"
1laf,hierarchical_cpu,True,2.58,-15.0,2.111459675986596,7.0,2025-12-07T01:55:46.268682,,2.06,1995,7.85,14.0,nM,Kd,14.0,"Moderate
(6≤pK<8)"
1laf,enhanced_hierarchical_cpu,True,0.14,-4.952674600898829,1.038229091552386e-06,20.0,2025-12-07T01:55:46.412636,,2.06,1995,7.85,14.0,nM,Kd,14.0,"Moderate
(6≤pK<8)"
1laf,crystal_guided_cpu,True,1.77,-1.9347256706225855,2.260030364872175,10.0,2025-12-07T01:55:48.179627,,2.06,1995,7.85,14.0,nM,Kd,14.0,"Moderate
(6≤pK<8)"
1laf,cuda_monte_carlo,True,379.97,-2.937180757522583,5.8731106484947285e-06,1000.0,2025-12-07T02:02:08.145717,,2.06,1995,7.85,14.0,nM,Kd,14.0,"Moderate
(6≤pK<8)"
1laf,cuda_genetic_algorithm,True,30.52,-1.6744096279144287,1.819124326398632e-05,100.0,2025-12-07T02:02:38.671126,,2.06,1995,7.85,14.0,nM,Kd,14.0,"Moderate
(6≤pK<8)"
1laf,enhanced_hierarchical_gpu,True,0.51,-2.4836812019348145,1.7558047126946328e-05,100.0,2025-12-07T02:02:39.186162,,2.06,1995,7.85,14.0,nM,Kd,14.0,"Moderate
(6≤pK<8)"
1lhu,monte_carlo_cpu,True,31.88,0.0,0.2146622608360589,5.0,2025-12-07T02:03:11.072217,,1.8,2002,8.83,1.48,nM,Kd,1.48,"Strong
(8≤pK<10)"
1lhu,genetic_algorithm_cpu,True,4.35,-189.77145061869228,0.2146625150646669,10.0,2025-12-07T02:03:15.427717,,1.8,2002,8.83,1.48,nM,Kd,1.48,"Strong
(8≤pK<10)"
1lhu,hierarchical_cpu,True,4.5,-15.0,0.2146625150654373,10.0,2025-12-07T02:03:19.928612,,1.8,2002,8.83,1.48,nM,Kd,1.48,"Strong
(8≤pK<10)"
1lhu,enhanced_hierarchical_cpu,True,0.25,-4.918648828345559,0.0,20.0,2025-12-07T02:03:20.175865,,1.8,2002,8.83,1.48,nM,Kd,1.48,"Strong
(8≤pK<10)"
1lhu,crystal_guided_cpu,True,3.18,-1.9347256706225855,0.340828332134233,10.0,2025-12-07T02:03:23.356964,,1.8,2002,8.83,1.48,nM,Kd,1.48,"Strong
(8≤pK<10)"
1lhu,cuda_genetic_algorithm,True,32.18,-1.646870255470276,9.96080337270915e-07,100.0,2025-12-07T02:13:55.722090,,1.8,2002,8.83,1.48,nM,Kd,1.48,"Strong
(8≤pK<10)"
1lhu,enhanced_hierarchical_gpu,True,0.92,-2.7517342567443848,1.2859341859116402e-06,100.0,2025-12-07T02:13:56.645229,,1.8,2002,8.83,1.48,nM,Kd,1.48,"Strong
(8≤pK<10)"
1met,monte_carlo_cpu,True,181.63,-219.36574915996383,2.69211013607626,10.0,2025-12-07T02:16:58.298268,,1.9,1998,9.4,0.4,nM,Ki,0.4,"Strong
(8≤pK<10)"
1met,genetic_algorithm_cpu,True,6.66,-281.89373459596294,3.035101729777648,10.0,2025-12-07T02:17:04.966213,,1.9,1998,9.4,0.4,nM,Ki,0.4,"Strong
(8≤pK<10)"
1met,hierarchical_cpu,True,9.1,-15.0,3.1624700717319083,10.0,2025-12-07T02:17:14.071914,,1.9,1998,9.4,0.4,nM,Ki,0.4,"Strong
(8≤pK<10)"
1met,enhanced_hierarchical_cpu,True,0.34,-4.996028942762932,1.197991084857346e-05,20.0,2025-12-07T02:17:14.420448,,1.9,1998,9.4,0.4,nM,Ki,0.4,"Strong
(8≤pK<10)"
1met,crystal_guided_cpu,True,4.64,-1.9347256706225855,4.293048778771314,10.0,2025-12-07T02:17:19.067111,,1.9,1998,9.4,0.4,nM,Ki,0.4,"Strong
(8≤pK<10)"
1met,cuda_genetic_algorithm,True,35.17,-1.7169145345687866,0.0,100.0,2025-12-07T02:27:54.316202,,1.9,1998,9.4,0.4,nM,Ki,0.4,"Strong
(8≤pK<10)"
1met,enhanced_hierarchical_gpu,True,0.91,-3.511429786682129,1.7584885515771651e-06,100.0,2025-12-07T02:27:55.237271,,1.9,1998,9.4,0.4,nM,Ki,0.4,"Strong
(8≤pK<10)"
1o35,monte_carlo_cpu,True,48.23,-55.063164664680976,2.3195578332203155,10.0,2025-12-07T02:28:43.473671,,1.41,2003,5.0,10.0,uM,Ki,10000.0,"Weak
(4≤pK<6)"
1o35,genetic_algorithm_cpu,True,4.06,-371.7772340586873,2.3948837524740467,10.0,2025-12-07T02:28:47.538657,,1.41,2003,5.0,10.0,uM,Ki,10000.0,"Weak
(4≤pK<6)"
1o35,hierarchical_cpu,True,4.25,-15.0,2.3948837524740467,10.0,2025-12-07T02:28:51.794586,,1.41,2003,5.0,10.0,uM,Ki,10000.0,"Weak
(4≤pK<6)"
1o35,enhanced_hierarchical_cpu,True,0.23,10.0,2.609891719544354e-06,20.0,2025-12-07T02:28:52.022573,,1.41,2003,5.0,10.0,uM,Ki,10000.0,"Weak
(4≤pK<6)"
1o35,crystal_guided_cpu,True,2.76,-1.9347256706225855,2.1440154112937693,10.0,2025-12-07T02:28:54.786175,,1.41,2003,5.0,10.0,uM,Ki,10000.0,"Weak
(4≤pK<6)"
1o35,cuda_monte_carlo,True,555.84,28.38868904113769,3.047696922061772e-06,1000.0,2025-12-07T02:38:10.627186,,1.41,2003,5.0,10.0,uM,Ki,10000.0,"Weak
(4≤pK<6)"
1o35,cuda_genetic_algorithm,True,34.13,-1.6973968744277954,7.869119615621898e-07,100.0,2025-12-07T02:38:44.760916,,1.41,2003,5.0,10.0,uM,Ki,10000.0,"Weak
(4≤pK<6)"
1o35,enhanced_hierarchical_gpu,True,0.67,-2.804612874984741,2.360735884686569e-06,100.0,2025-12-07T02:38:45.428695,,1.41,2003,5.0,10.0,uM,Ki,10000.0,"Weak
(4≤pK<6)"
1ogz,monte_carlo_cpu,True,37.13,0.0,0.2857935090463675,10.0,2025-12-07T02:39:22.564611,,2.3,2003,5.85,1.4,uM,Kd,1400.0,"Weak
(4≤pK<6)"
1ogz,genetic_algorithm_cpu,True,3.39,-313.6143420060528,0.2857935090423477,10.0,2025-12-07T02:39:25.960374,,2.3,2003,5.85,1.4,uM,Kd,1400.0,"Weak
(4≤pK<6)"
1ogz,hierarchical_cpu,True,3.7,-15.0,0.2857935090503873,10.0,2025-12-07T02:39:29.658728,,2.3,2003,5.85,1.4,uM,Kd,1400.0,"Weak
(4≤pK<6)"
1ogz,enhanced_hierarchical_cpu,True,0.19,-4.779476113948212,2.315433420817886e-06,20.0,2025-12-07T02:39:29.853769,,2.3,2003,5.85,1.4,uM,Kd,1400.0,"Weak
(4≤pK<6)"
1ogz,crystal_guided_cpu,True,2.51,-1.9347256706225855,0.2857933607368039,10.0,2025-12-07T02:39:32.362253,,2.3,2003,5.85,1.4,uM,Kd,1400.0,"Weak
(4≤pK<6)"
1ogz,cuda_monte_carlo,True,516.47,29.75453758239746,5.177466526323671e-06,1000.0,2025-12-07T02:48:08.833848,,2.3,2003,5.85,1.4,uM,Kd,1400.0,"Weak
(4≤pK<6)"
1ogz,cuda_genetic_algorithm,True,30.06,-1.6108230352401731,0.0,100.0,2025-12-07T02:48:38.895956,,2.3,2003,5.85,1.4,uM,Kd,1400.0,"Weak
(4≤pK<6)"
1ogz,enhanced_hierarchical_gpu,True,0.63,-2.259540319442749,2.1436748006783154e-06,100.0,2025-12-07T02:48:39.523941,,2.3,2003,5.85,1.4,uM,Kd,1400.0,"Weak
(4≤pK<6)"
1oz0,monte_carlo_cpu,True,130.35,0.0,4.319063129653717,6.0,2025-12-07T02:50:49.894158,,2.5,2003,7.7,20.0,nM,Kd,20.0,"Moderate
(6≤pK<8)"
1oz0,genetic_algorithm_cpu,True,18.54,-64.35548805634856,4.319063129651644,10.0,2025-12-07T02:51:08.437460,,2.5,2003,7.7,20.0,nM,Kd,20.0,"Moderate
(6≤pK<8)"
1oz0,hierarchical_cpu,True,25.03,10.0,4.531473322098108,10.0,2025-12-07T02:51:33.465468,,2.5,2003,7.7,20.0,nM,Kd,20.0,"Moderate
(6≤pK<8)"
1oz0,enhanced_hierarchical_cpu,True,0.99,10.0,0.0,20.0,2025-12-07T02:51:34.460106,,2.5,2003,7.7,20.0,nM,Kd,20.0,"Moderate
(6≤pK<8)"
1oz0,crystal_guided_cpu,True,17.03,-1.9347256706225855,4.3190631296531246,10.0,2025-12-07T02:51:51.495043,,2.5,2003,7.7,20.0,nM,Kd,20.0,"Moderate
(6≤pK<8)"
1oz0,cuda_genetic_algorithm,True,51.16,-2.003723621368408,0.0,100.0,2025-12-07T02:52:43.268057,,2.5,2003,7.7,20.0,nM,Kd,20.0,"Moderate
(6≤pK<8)"
1sqt,monte_carlo_cpu,True,45.67,-170.0490232744148,2.7432392595563937,10.0,2025-12-07T02:53:29.604813,,1.9,2004,6.2,0.63,uM,Ki,630.0,"Moderate
(6≤pK<8)"
1sqt,genetic_algorithm_cpu,True,3.73,-445.4730680481735,1.2954248236942754,10.0,2025-12-07T02:53:33.335604,,1.9,2004,6.2,0.63,uM,Ki,630.0,"Moderate
(6≤pK<8)"
1sqt,hierarchical_cpu,True,4.34,-15.0,2.131963922754842,10.0,2025-12-07T02:53:37.685342,,1.9,2004,6.2,0.63,uM,Ki,630.0,"Moderate
(6≤pK<8)"
1sqt,enhanced_hierarchical_cpu,True,0.22,-4.987688214329523,1.798265536464812e-06,20.0,2025-12-07T02:53:37.908368,,1.9,2004,6.2,0.63,uM,Ki,630.0,"Moderate
(6≤pK<8)"
1sqt,crystal_guided_cpu,True,2.74,-1.9347256706225855,2.38400136301818,10.0,2025-12-07T02:53:40.651425,,1.9,2004,6.2,0.63,uM,Ki,630.0,"Moderate
(6≤pK<8)"
1sqt,cuda_monte_carlo,True,587.24,-1.987399935722351,9.23965562163541e-06,1000.0,2025-12-07T03:03:27.890549,,1.9,2004,6.2,0.63,uM,Ki,630.0,"Moderate
(6≤pK<8)"
1sqt,cuda_genetic_algorithm,True,36.03,-1.6661803722381592,0.0,100.0,2025-12-07T03:04:03.919479,,1.9,2004,6.2,0.63,uM,Ki,630.0,"Moderate
(6≤pK<8)"
1sqt,enhanced_hierarchical_gpu,True,0.7,-2.692812204360962,2.4787379823834645e-06,100.0,2025-12-07T03:04:04.620233,,1.9,2004,6.2,0.63,uM,Ki,630.0,"Moderate
(6≤pK<8)"
1ttm,monte_carlo_cpu,True,117.63,-178.12662159464608,1.2837774730343736,10.0,2025-12-07T03:06:02.256107,,1.95,2004,7.35,45.0,nM,Kd,45.0,"Moderate
(6≤pK<8)"
1ttm,genetic_algorithm_cpu,True,3.33,-189.1090862068844,1.5510736310695006,10.0,2025-12-07T03:06:05.582837,,1.95,2004,7.35,45.0,nM,Kd,45.0,"Moderate
(6≤pK<8)"
1ttm,hierarchical_cpu,True,4.65,-15.0,0.7156902469727682,10.0,2025-12-07T03:06:10.235481,,1.95,2004,7.35,45.0,nM,Kd,45.0,"Moderate
(6≤pK<8)"
1ttm,enhanced_hierarchical_cpu,True,0.19,-4.952921214769024,1.2699753033598697e-05,20.0,2025-12-07T03:06:10.426921,,1.95,2004,7.35,45.0,nM,Kd,45.0,"Moderate
(6≤pK<8)"
1ttm,crystal_guided_cpu,True,2.38,-1.9347256706225855,1.283777473033744,10.0,2025-12-07T03:06:12.806873,,1.95,2004,7.35,45.0,nM,Kd,45.0,"Moderate
(6≤pK<8)"
1ttm,cuda_monte_carlo,True,524.41,-1.434097409248352,1.063868238492426e-05,1000.0,2025-12-07T03:14:57.215585,,1.95,2004,7.35,45.0,nM,Kd,45.0,"Moderate
(6≤pK<8)"
1ttm,cuda_genetic_algorithm,True,35.38,-2.0185742378234863,1.1012082465927617e-06,100.0,2025-12-07T03:15:32.600666,,1.95,2004,7.35,45.0,nM,Kd,45.0,"Moderate
(6≤pK<8)"
1ttm,enhanced_hierarchical_gpu,True,0.64,-2.405600309371948,1.9073486328125e-06,100.0,2025-12-07T03:15:33.243685,,1.95,2004,7.35,45.0,nM,Kd,45.0,"Moderate
(6≤pK<8)"
1vyf,monte_carlo_cpu,True,30.96,0.0,3.340197268577168,5.0,2025-12-07T03:16:04.390196,,1.85,2004,8.05,9.0,nM,Kd,9.0,"Strong
(8≤pK<10)"
1vyf,hierarchical_cpu,True,5.6,-15.0,2.9137869105911705,10.0,2025-12-07T03:16:12.482102,,1.85,2004,8.05,9.0,nM,Kd,9.0,"Strong
(8≤pK<10)"
1vyf,enhanced_hierarchical_cpu,True,0.23,10.0,0.0,20.0,2025-12-07T03:16:12.890318,,1.85,2004,8.05,9.0,nM,Kd,9.0,"Strong
(8≤pK<10)"
1vyf,crystal_guided_cpu,True,2.7,-1.9347256706225855,2.91378691063917,10.0,2025-12-07T03:16:15.789195,,1.85,2004,8.05,9.0,nM,Kd,9.0,"Strong
(8≤pK<10)"
1vyf,cuda_monte_carlo,True,443.77,-1.2324658632278442,3.3239549300634856e-06,1000.0,2025-12-07T03:23:39.744565,,1.85,2004,8.05,9.0,nM,Kd,9.0,"Strong
(8≤pK<10)"
1vyf,cuda_genetic_algorithm,True,41.19,-1.8124078512191768,2.5431315104166665e-06,100.0,2025-12-07T03:24:21.121050,,1.85,2004,8.05,9.0,nM,Kd,9.0,"Strong
(8≤pK<10)"
1vyf,enhanced_hierarchical_gpu,True,0.54,-3.398422241210937,1.038229091552386e-06,100.0,2025-12-07T03:24:21.844956,,1.85,2004,8.05,9.0,nM,Kd,9.0,"Strong
(8≤pK<10)"
1xh9,monte_carlo_cpu,True,59.61,0.0,2.6646074845401686,10.0,2025-12-07T03:25:21.490004,,1.64,2005,7.77,17.0,nM,Kd,17.0,"Moderate
(6≤pK<8)"
1xh9,genetic_algorithm_cpu,True,6.08,-311.58496495118965,3.733037071259545,10.0,2025-12-07T03:25:27.590653,,1.64,2005,7.77,17.0,nM,Kd,17.0,"Moderate
(6≤pK<8)"
1xh9,hierarchical_cpu,True,6.95,-15.0,3.733037071259489,10.0,2025-12-07T03:25:34.562023,,1.64,2005,7.77,17.0,nM,Kd,17.0,"Moderate
(6≤pK<8)"
1xh9,enhanced_hierarchical_cpu,True,0.35,-4.967898574625826,1.5231121244520003e-06,20.0,2025-12-07T03:25:34.929361,,1.64,2005,7.77,17.0,nM,Kd,17.0,"Moderate
(6≤pK<8)"
1xh9,crystal_guided_cpu,True,4.9,-1.9347256706225855,2.664607484543968,10.0,2025-12-07T03:25:39.851299,,1.64,2005,7.77,17.0,nM,Kd,17.0,"Moderate
(6≤pK<8)"
1xh9,cuda_genetic_algorithm,True,33.59,-1.703411102294922,0.0,100.0,2025-12-07T03:26:16.027423,,1.64,2005,7.77,17.0,nM,Kd,17.0,"Moderate
(6≤pK<8)"
1xh9,enhanced_hierarchical_gpu,True,1.47,-3.18709659576416,2.638107585175036e-06,100.0,2025-12-07T03:26:17.514215,,1.64,2005,7.77,17.0,nM,Kd,17.0,"Moderate
(6≤pK<8)"
1yc1,monte_carlo_cpu,True,34.62,0.0,3.061844686214213,1.0,2025-12-07T03:26:52.150385,,1.7,2005,6.17,680.0,nM,Kd,680.0,"Moderate
(6≤pK<8)"
1yc1,genetic_algorithm_cpu,True,5.21,101.904249919724,2.377987064591409,10.0,2025-12-07T03:26:57.367197,,1.7,2005,6.17,680.0,nM,Kd,680.0,"Moderate
(6≤pK<8)"
1yc1,hierarchical_cpu,True,6.96,-15.0,2.3779870645908074,10.0,2025-12-07T03:27:04.328410,,1.7,2005,6.17,680.0,nM,Kd,680.0,"Moderate
(6≤pK<8)"
1yc1,enhanced_hierarchical_cpu,True,0.28,-4.996964776788685,1.092144650104271e-06,20.0,2025-12-07T03:27:04.615968,,1.7,2005,6.17,680.0,nM,Kd,680.0,"Moderate
(6≤pK<8)"
1yc1,crystal_guided_cpu,True,3.6,-1.9347256706225855,3.061844686212499,10.0,2025-12-07T03:27:08.224726,,1.7,2005,6.17,680.0,nM,Kd,680.0,"Moderate
(6≤pK<8)"
1yc1,cuda_genetic_algorithm,True,48.89,-1.9374405145645144,0.0,100.0,2025-12-07T03:37:57.423812,,1.7,2005,6.17,680.0,nM,Kd,680.0,"Moderate
(6≤pK<8)"
1yc1,enhanced_hierarchical_gpu,True,0.84,-3.323333978652954,1.465265807337524e-06,100.0,2025-12-07T03:37:58.265462,,1.7,2005,6.17,680.0,nM,Kd,680.0,"Moderate
(6≤pK<8)"
1ydb,monte_carlo_cpu,True,68.9,-194.86017469692587,0.3261057308584815,10.0,2025-12-07T03:39:07.170770,,1.9,1995,8.24,5.8,nM,Kd,5.8,"Strong
(8≤pK<10)"
1ydb,genetic_algorithm_cpu,True,2.08,-229.31095724528427,1.2326911566430314,10.0,2025-12-07T03:39:09.253506,,1.9,1995,8.24,5.8,nM,Kd,5.8,"Strong
(8≤pK<10)"
1ydb,hierarchical_cpu,True,2.11,-15.0,0.3261080589363172,10.0,2025-12-07T03:39:11.370098,,1.9,1995,8.24,5.8,nM,Kd,5.8,"Strong
(8≤pK<10)"
1ydb,enhanced_hierarchical_cpu,True,0.12,-4.999822245234333,3.789517470545894e-07,20.0,2025-12-07T03:39:11.488640,,1.9,1995,8.24,5.8,nM,Kd,5.8,"Strong
(8≤pK<10)"
1ydb,crystal_guided_cpu,True,1.47,-1.9347256706225855,1.2326911566400995,10.0,2025-12-07T03:39:12.964254,,1.9,1995,8.24,5.8,nM,Kd,5.8,"Strong
(8≤pK<10)"
1ydb,cuda_monte_carlo,True,319.81,-4.089407920837402,1.1749541357035636e-05,1000.0,2025-12-07T03:44:32.779161,,1.9,1995,8.24,5.8,nM,Kd,5.8,"Strong
(8≤pK<10)"
1ydb,cuda_genetic_algorithm,True,33.8,-1.8083492517471316,6.348619986359264e-06,100.0,2025-12-07T03:45:06.582727,,1.9,1995,8.24,5.8,nM,Kd,5.8,"Strong
(8≤pK<10)"
1ydb,enhanced_hierarchical_gpu,True,0.49,-2.0169596672058105,1.0492698749927157e-06,100.0,2025-12-07T03:45:07.076106,,1.9,1995,8.24,5.8,nM,Kd,5.8,"Strong
(8≤pK<10)"
1ypg,monte_carlo_cpu,True,44.52,0.0,3.0481512132431523,8.0,2025-12-07T03:45:51.610072,,1.8,2006,8.0,10.0,nM,Ki,10.0,"Moderate
(6≤pK<8)"
1ypg,genetic_algorithm_cpu,True,6.03,-461.3582367389249,1.801689421421804,10.0,2025-12-07T03:45:57.640473,,1.8,2006,8.0,10.0,nM,Ki,10.0,"Moderate
(6≤pK<8)"
1ypg,hierarchical_cpu,True,8.08,-15.0,3.361836956875462,10.0,2025-12-07T03:46:05.723632,,1.8,2006,8.0,10.0,nM,Ki,10.0,"Moderate
(6≤pK<8)"
1ypg,enhanced_hierarchical_cpu,True,0.32,10.0,4.731549628799761e-07,20.0,2025-12-07T03:46:06.042802,,1.8,2006,8.0,10.0,nM,Ki,10.0,"Moderate
(6≤pK<8)"
1ypg,crystal_guided_cpu,True,4.21,-1.9347256706225855,3.048151213247284,10.0,2025-12-07T03:46:10.254652,,1.8,2006,8.0,10.0,nM,Ki,10.0,"Moderate
(6≤pK<8)"
1ypg,cuda_genetic_algorithm,True,35.62,-1.7181180715560913,0.0,100.0,2025-12-07T03:56:46.339718,,1.8,2006,8.0,10.0,nM,Ki,10.0,"Moderate
(6≤pK<8)"
1ypg,enhanced_hierarchical_gpu,True,1.15,-2.645425796508789,1.496247368913147e-06,100.0,2025-12-07T03:56:47.492498,,1.8,2006,8.0,10.0,nM,Ki,10.0,"Moderate
(6≤pK<8)"
1z6e,monte_carlo_cpu,True,68.91,-165.2919566116431,3.3235128901808872,10.0,2025-12-07T03:57:56.418518,,1.8,2006,9.72,0.19,nM,Ki,0.19,"Strong
(8≤pK<10)"
1z6e,genetic_algorithm_cpu,True,4.13,-434.4211017754638,3.7509894079543815,10.0,2025-12-07T03:58:00.557081,,1.8,2006,9.72,0.19,nM,Ki,0.19,"Strong
(8≤pK<10)"
1z6e,hierarchical_cpu,True,7.31,-15.0,3.3235128901799227,10.0,2025-12-07T03:58:07.867763,,1.8,2006,9.72,0.19,nM,Ki,0.19,"Strong
(8≤pK<10)"
1z6e,enhanced_hierarchical_cpu,True,0.29,10.0,0.0,20.0,2025-12-07T03:58:08.162339,,1.8,2006,9.72,0.19,nM,Ki,0.19,"Strong
(8≤pK<10)"
1z6e,crystal_guided_cpu,True,3.75,-1.9347256706225855,3.3950330093906187,10.0,2025-12-07T03:58:11.911848,,1.8,2006,9.72,0.19,nM,Ki,0.19,"Strong
(8≤pK<10)"
1z6e,cuda_genetic_algorithm,True,30.87,-1.6150734424591064,0.0,100.0,2025-12-07T04:08:42.944921,,1.8,2006,9.72,0.19,nM,Ki,0.19,"Strong
(8≤pK<10)"
1z6e,enhanced_hierarchical_gpu,True,0.97,-2.4813930988311768,3.061440833593262e-06,100.0,2025-12-07T04:08:43.919781,,1.8,2006,9.72,0.19,nM,Ki,0.19,"Strong
(8≤pK<10)"
1zgi,monte_carlo_cpu,True,45.92,0.0,4.194875440726446,10.0,2025-12-07T04:09:29.859005,,2.2,2005,5.34,4.6,uM,Ki,4600.0,"Weak
(4≤pK<6)"
1zgi,genetic_algorithm_cpu,True,4.95,-256.33307276094274,3.419500760475206,10.0,2025-12-07T04:09:34.807366,,2.2,2005,5.34,4.6,uM,Ki,4600.0,"Weak
(4≤pK<6)"
1zgi,hierarchical_cpu,True,5.29,-15.0,3.419500760475206,10.0,2025-12-07T04:09:40.100478,,2.2,2005,5.34,4.6,uM,Ki,4600.0,"Weak
(4≤pK<6)"
1zgi,enhanced_hierarchical_cpu,True,0.27,-4.994585049787389,0.0,20.0,2025-12-07T04:09:40.373143,,2.2,2005,5.34,4.6,uM,Ki,4600.0,"Weak
(4≤pK<6)"
1zgi,crystal_guided_cpu,True,3.56,-1.9347256706225855,3.4195007604735723,10.0,2025-12-07T04:09:43.933511,,2.2,2005,5.34,4.6,uM,Ki,4600.0,"Weak
(4≤pK<6)"
1zgi,cuda_genetic_algorithm,True,31.35,-1.6908092498779297,0.0,100.0,2025-12-07T04:20:15.303836,,2.2,2005,5.34,4.6,uM,Ki,4600.0,"Weak
(4≤pK<6)"
1zgi,enhanced_hierarchical_gpu,True,0.92,-3.0401930809021,1.2486527837905449e-06,100.0,2025-12-07T04:20:16.226548,,2.2,2005,5.34,4.6,uM,Ki,4600.0,"Weak
(4≤pK<6)"
2aj8,monte_carlo_cpu,True,108.87,0.0,2.288607773093465,10.0,2025-12-07T04:22:05.131237,,2.11,2006,6.2,638.0,nM,Ki,638.0,"Moderate
(6≤pK<8)"
2aj8,genetic_algorithm_cpu,True,14.95,-656.9916975646455,2.288606873588052,10.0,2025-12-07T04:22:20.093083,,2.11,2006,6.2,638.0,nM,Ki,638.0,"Moderate
(6≤pK<8)"
2aj8,hierarchical_cpu,True,14.54,-15.0,2.288607773093482,10.0,2025-12-07T04:22:34.653040,,2.11,2006,6.2,638.0,nM,Ki,638.0,"Moderate
(6≤pK<8)"
2aj8,enhanced_hierarchical_cpu,True,0.88,-4.943091667872757,0.0,20.0,2025-12-07T04:22:35.548993,,2.11,2006,6.2,638.0,nM,Ki,638.0,"Moderate
(6≤pK<8)"
2aj8,crystal_guided_cpu,True,13.34,-1.9347256706225855,2.288607773084057,10.0,2025-12-07T04:22:48.903492,,2.11,2006,6.2,638.0,nM,Ki,638.0,"Moderate
(6≤pK<8)"
2aj8,cuda_genetic_algorithm,True,37.57,-1.823410987854004,0.0,100.0,2025-12-07T04:23:27.112336,,2.11,2006,6.2,638.0,nM,Ki,638.0,"Moderate
(6≤pK<8)"
2ccc,monte_carlo_cpu,True,76.87,-179.6260002696585,1.0755271405796774,3.0,2025-12-07T04:24:44.596154,,1.7,2006,7.76,17.57,nM,Kd,17.57,"Moderate
(6≤pK<8)"
2ccc,hierarchical_cpu,True,8.3,10.0,1.8035925716155288,2.0,2025-12-07T04:24:56.278947,,1.7,2006,7.76,17.57,nM,Kd,17.57,"Moderate
(6≤pK<8)"
2ccc,enhanced_hierarchical_cpu,True,0.38,-4.592016705078697,0.0,20.0,2025-12-07T04:24:56.660376,,1.7,2006,7.76,17.57,nM,Kd,17.57,"Moderate
(6≤pK<8)"
2ccc,crystal_guided_cpu,True,6.1,-1.9347256706225855,1.8035925716149908,10.0,2025-12-07T04:25:02.762105,,1.7,2006,7.76,17.57,nM,Kd,17.57,"Moderate
(6≤pK<8)"
2ccc,cuda_genetic_algorithm,True,39.85,-1.8911634683609009,2.843307466506691e-07,100.0,2025-12-07T04:25:44.411365,,1.7,2006,7.76,17.57,nM,Kd,17.57,"Moderate
(6≤pK<8)"
2e7f,monte_carlo_cpu,True,84.75,-133.0761415586658,2.2728607756604613,10.0,2025-12-07T04:27:11.121354,,2.2,2007,6.1,0.79,uM,Kd,790.0,"Moderate
(6≤pK<8)"
2e7f,genetic_algorithm_cpu,True,6.1,-324.80892681452946,2.272860775658695,10.0,2025-12-07T04:27:17.227714,,2.2,2007,6.1,0.79,uM,Kd,790.0,"Moderate
(6≤pK<8)"
2e7f,hierarchical_cpu,True,6.96,-15.0,2.4728032245994864,10.0,2025-12-07T04:27:24.187671,,2.2,2007,6.1,0.79,uM,Kd,790.0,"Moderate
(6≤pK<8)"
2e7f,enhanced_hierarchical_cpu,True,0.35,10.0,0.0,20.0,2025-12-07T04:27:24.539267,,2.2,2007,6.1,0.79,uM,Kd,790.0,"Moderate
(6≤pK<8)"
2e7f,crystal_guided_cpu,True,5.34,-1.9347256706225855,2.658412711017748,10.0,2025-12-07T04:27:29.882781,,2.2,2007,6.1,0.79,uM,Kd,790.0,"Moderate
(6≤pK<8)"
2e7f,cuda_genetic_algorithm,True,57.71,-1.67669415473938,0.0,100.0,2025-12-07T04:28:29.306961,,2.2,2007,6.1,0.79,uM,Kd,790.0,"Moderate
(6≤pK<8)"
2e7f,enhanced_hierarchical_gpu,True,1.66,-2.3727035522460938,4.00715432311165e-06,100.0,2025-12-07T04:28:30.967489,,2.2,2007,6.1,0.79,uM,Kd,790.0,"Moderate
(6≤pK<8)"
2euk,monte_carlo_cpu,True,74.76,-42.83022176330213,5.251145950857008,10.0,2025-12-07T04:29:49.831727,,1.85,2006,6.6,0.25,uM,Kd,250.0,"Moderate
(6≤pK<8)"
2euk,genetic_algorithm_cpu,True,12.54,-207.16718221777828,5.230349594114619,10.0,2025-12-07T04:30:06.445471,,1.85,2006,6.6,0.25,uM,Kd,250.0,"Moderate
(6≤pK<8)"
2euk,hierarchical_cpu,True,13.62,-15.0,5.230349594116236,10.0,2025-12-07T04:30:24.387404,,1.85,2006,6.6,0.25,uM,Kd,250.0,"Moderate
(6≤pK<8)"
2euk,enhanced_hierarchical_cpu,True,0.63,10.0,6.271323673452655e-07,20.0,2025-12-07T04:30:29.092561,,1.85,2006,6.6,0.25,uM,Kd,250.0,"Moderate
(6≤pK<8)"
2euk,crystal_guided_cpu,True,9.36,-1.9347256706225855,5.230349594114976,10.0,2025-12-07T04:30:42.615025,,1.85,2006,6.6,0.25,uM,Kd,250.0,"Moderate
(6≤pK<8)"
2euk,cuda_genetic_algorithm,True,31.34,-1.6627895832061768,6.271323673452655e-07,100.0,2025-12-07T04:31:19.672067,,1.85,2006,6.6,0.25,uM,Kd,250.0,"Moderate
(6≤pK<8)"
2gj5,monte_carlo_cpu,True,65.49,0.0,2.561059374575653,10.0,2025-12-07T04:32:29.300222,,2.4,2007,8.32,4.74,nM,Kd,4.74,"Strong
(8≤pK<10)"
2gj5,genetic_algorithm_cpu,True,6.31,-299.1266813440846,2.713997723577892,10.0,2025-12-07T04:32:38.072185,,2.4,2007,8.32,4.74,nM,Kd,4.74,"Strong
(8≤pK<10)"
2gj5,hierarchical_cpu,True,6.12,-15.0,2.7139977235778736,10.0,2025-12-07T04:32:46.794275,,2.4,2007,8.32,4.74,nM,Kd,4.74,"Strong
(8≤pK<10)"
2gj5,enhanced_hierarchical_cpu,True,0.32,-4.995482056540788,3.094128058066608e-07,20.0,2025-12-07T04:32:49.569185,,2.4,2007,8.32,4.74,nM,Kd,4.74,"Strong
(8≤pK<10)"
2gj5,crystal_guided_cpu,True,3.98,-1.9347256706225855,2.5610593745789614,10.0,2025-12-07T04:32:56.010791,,2.4,2007,8.32,4.74,nM,Kd,4.74,"Strong
(8≤pK<10)"
2gj5,cuda_genetic_algorithm,True,29.75,-1.5999276638031006,0.0,100.0,2025-12-07T04:43:28.626724,,2.4,2007,8.32,4.74,nM,Kd,4.74,"Strong
(8≤pK<10)"
2gj5,enhanced_hierarchical_gpu,True,0.77,-3.695573329925537,4.197079499970862e-06,100.0,2025-12-07T04:43:31.849515,,2.4,2007,8.32,4.74,nM,Kd,4.74,"Strong
(8≤pK<10)"
2gsu,monte_carlo_cpu,True,34.81,0.0,1.2954246849342776,10.0,2025-12-07T04:44:06.670427,,2.0,2006,3.59,260.0,uM,Ki,260000.0,"Very Weak
(pK<4)"
2gsu,genetic_algorithm_cpu,True,3.67,-231.899021048029,1.2954246849327595,10.0,2025-12-07T04:44:10.337932,,2.0,2006,3.59,260.0,uM,Ki,260000.0,"Very Weak
(pK<4)"
2gsu,hierarchical_cpu,True,4.08,-15.0,1.295424684932456,10.0,2025-12-07T04:44:14.422581,,2.0,2006,3.59,260.0,uM,Ki,260000.0,"Very Weak
(pK<4)"
2gsu,enhanced_hierarchical_cpu,True,0.22,-4.679873211952885,0.0,20.0,2025-12-07T04:44:14.640668,,2.0,2006,3.59,260.0,uM,Ki,260000.0,"Very Weak
(pK<4)"
2gsu,crystal_guided_cpu,True,2.81,-1.9347256706225855,1.7419005762908943,10.0,2025-12-07T04:44:17.454118,,2.0,2006,3.59,260.0,uM,Ki,260000.0,"Very Weak
(pK<4)"
2gsu,cuda_genetic_algorithm,True,33.3,-1.6976131200790403,6.271323673452655e-07,100.0,2025-12-07T04:54:51.170270,,2.0,2006,3.59,260.0,uM,Ki,260000.0,"Very Weak
(pK<4)"
2gsu,enhanced_hierarchical_gpu,True,0.85,-2.001747131347656,1.6592362831147767e-06,100.0,2025-12-07T04:54:52.025277,,2.0,2006,3.59,260.0,uM,Ki,260000.0,"Very Weak
(pK<4)"
2hl4,monte_carlo_cpu,True,60.92,-167.01602278420248,1.2448589438386086,10.0,2025-12-07T04:55:52.950159,,1.55,2007,7.64,23.0,nM,Ki,23.0,"Moderate
(6≤pK<8)"
2hl4,genetic_algorithm_cpu,True,3.72,-193.1261116435273,2.3041940733141866,10.0,2025-12-07T04:55:56.670626,,1.55,2007,7.64,23.0,nM,Ki,23.0,"Moderate
(6≤pK<8)"
2hl4,hierarchical_cpu,True,4.94,-15.0,2.3041940733141573,10.0,2025-12-07T04:56:01.612255,,1.55,2007,7.64,23.0,nM,Ki,23.0,"Moderate
(6≤pK<8)"
2hl4,enhanced_hierarchical_cpu,True,0.2,-4.963722239137891,0.0,20.0,2025-12-07T04:56:01.815689,,1.55,2007,7.64,23.0,nM,Ki,23.0,"Moderate
(6≤pK<8)"
2hl4,crystal_guided_cpu,True,2.49,-1.9347256706225855,2.304194073313703,10.0,2025-12-07T04:56:04.307346,,1.55,2007,7.64,23.0,nM,Ki,23.0,"Moderate
(6≤pK<8)"
2hl4,cuda_monte_carlo,True,584.92,10.60752010345459,1.1127789701750488e-05,1000.0,2025-12-07T05:05:49.228729,,1.55,2007,7.64,23.0,nM,Ki,23.0,"Moderate
(6≤pK<8)"
2hl4,cuda_genetic_algorithm,True,31.06,-1.6782972812652588,4.76837158203125e-07,100.0,2025-12-07T05:06:20.288128,,1.55,2007,7.64,23.0,nM,Ki,23.0,"Moderate
(6≤pK<8)"
2hl4,enhanced_hierarchical_gpu,True,0.58,-3.117971658706665,3.693564745147149e-07,100.0,2025-12-07T05:06:20.865601,,1.55,2007,7.64,23.0,nM,Ki,23.0,"Moderate
(6≤pK<8)"
2hoc,monte_carlo_cpu,True,69.1,-153.973440859959,1.5742718954140624,10.0,2025-12-07T05:07:29.968772,,2.1,2006,9.52,0.3,nM,Ki,0.3,"Strong
(8≤pK<10)"
2hoc,genetic_algorithm_cpu,True,2.83,-98.0712113301222,2.268136602410784,10.0,2025-12-07T05:07:32.801476,,2.1,2006,9.52,0.3,nM,Ki,0.3,"Strong
(8≤pK<10)"
2hoc,hierarchical_cpu,True,3.67,-15.0,2.296676960739903,10.0,2025-12-07T05:07:36.469918,,2.1,2006,9.52,0.3,nM,Ki,0.3,"Strong
(8≤pK<10)"
2hoc,enhanced_hierarchical_cpu,True,0.16,-4.98157888661032,0.0,20.0,2025-12-07T05:07:36.630442,,2.1,2006,9.52,0.3,nM,Ki,0.3,"Strong
(8≤pK<10)"
2hoc,crystal_guided_cpu,True,1.89,-1.9347256706225855,2.268136602412823,10.0,2025-12-07T05:07:38.527621,,2.1,2006,9.52,0.3,nM,Ki,0.3,"Strong
(8≤pK<10)"
2hoc,cuda_monte_carlo,True,443.91,-2.731722354888916,3.4018430347245315e-06,1000.0,2025-12-07T05:15:02.435335,,2.1,2006,9.52,0.3,nM,Ki,0.3,"Strong
(8≤pK<10)"
2hoc,cuda_genetic_algorithm,True,32.78,-1.926391005516052,0.0,100.0,2025-12-07T05:15:35.216817,,2.1,2006,9.52,0.3,nM,Ki,0.3,"Strong
(8≤pK<10)"
2hoc,enhanced_hierarchical_gpu,True,0.55,-2.182199001312256,4.604414742091512e-06,100.0,2025-12-07T05:15:35.765926,,2.1,2006,9.52,0.3,nM,Ki,0.3,"Strong
(8≤pK<10)"
2i19,monte_carlo_cpu,True,32.92,0.0,1.8093827582678783,1.0,2025-12-07T05:16:08.689657,,2.28,2006,7.8,16.0,nM,Ki,16.0,"Moderate
(6≤pK<8)"
2i19,enhanced_hierarchical_cpu,True,0.26,-4.880979897925551,7.083714987833094e-07,20.0,2025-12-07T05:26:11.267497,,2.28,2006,7.8,16.0,nM,Ki,16.0,"Moderate
(6≤pK<8)"
2i19,crystal_guided_cpu,True,3.76,-1.9347256706225855,1.4553057352950844,10.0,2025-12-07T05:26:15.033057,,2.28,2006,7.8,16.0,nM,Ki,16.0,"Moderate
(6≤pK<8)"
2i19,cuda_genetic_algorithm,True,33.39,-1.653834104537964,7.083714987833094e-07,100.0,2025-12-07T05:36:48.731635,,2.28,2006,7.8,16.0,nM,Ki,16.0,"Moderate
(6≤pK<8)"
2i19,enhanced_hierarchical_gpu,True,1.31,-2.5570180416107178,2.554069760940499e-06,100.0,2025-12-07T05:36:50.047217,,2.28,2006,7.8,16.0,nM,Ki,16.0,"Moderate
(6≤pK<8)"
2nmz,monte_carlo_cpu,True,168.8,-244.5894802193868,3.3136410315458944,10.0,2025-12-07T05:39:41.812493,,0.97,2007,8.37,4.3,nM,Ki,4.3,"Strong
(8≤pK<10)"
2nmz,genetic_algorithm_cpu,True,8.3,-57.69952457965879,4.968834936958383,10.0,2025-12-07T05:39:53.047645,,0.97,2007,8.37,4.3,nM,Ki,4.3,"Strong
(8≤pK<10)"
2nmz,hierarchical_cpu,True,11.87,-15.0,4.8584324239665,10.0,2025-12-07T05:40:07.855611,,0.97,2007,8.37,4.3,nM,Ki,4.3,"Strong
(8≤pK<10)"
2nmz,enhanced_hierarchical_cpu,True,0.43,-4.847742489886221,0.0,20.0,2025-12-07T05:40:11.362406,,0.97,2007,8.37,4.3,nM,Ki,4.3,"Strong
(8≤pK<10)"
2nmz,crystal_guided_cpu,True,6.09,-1.9347256706225855,4.858432423967937,10.0,2025-12-07T05:40:20.402473,,0.97,2007,8.37,4.3,nM,Ki,4.3,"Strong
(8≤pK<10)"
2nmz,cuda_genetic_algorithm,True,32.58,-1.681703805923462,7.62939453125e-07,100.0,2025-12-07T05:50:56.198199,,0.97,2007,8.37,4.3,nM,Ki,4.3,"Strong
(8≤pK<10)"
2nmz,enhanced_hierarchical_gpu,True,1.15,-3.685193061828613,2.224331624925728e-06,100.0,2025-12-07T05:51:00.433684,,0.97,2007,8.37,4.3,nM,Ki,4.3,"Strong
(8≤pK<10)"
2pv1,monte_carlo_cpu,True,451.93,-183.0999653427081,4.639382817396261,10.0,2025-12-07T05:58:38.828295,,1.3,2007,7.14,73.0,nM,Kd,73.0,"Moderate
(6≤pK<8)"
2pv1,genetic_algorithm_cpu,True,16.15,-352.8642011377275,4.755719685324132,10.0,2025-12-07T05:59:01.435164,,1.3,2007,7.14,73.0,nM,Kd,73.0,"Moderate
(6≤pK<8)"
2pv1,hierarchical_cpu,True,16.64,-15.0,5.756415425831044,10.0,2025-12-07T05:59:24.496031,,1.3,2007,7.14,73.0,nM,Kd,73.0,"Moderate
(6≤pK<8)"
2pv1,enhanced_hierarchical_cpu,True,0.61,10.0,0.0,20.0,2025-12-07T05:59:31.515192,,1.3,2007,7.14,73.0,nM,Kd,73.0,"Moderate
(6≤pK<8)"
2pv1,crystal_guided_cpu,True,11.59,-1.9347256706225855,4.3973981983525965,10.0,2025-12-07T05:59:49.568721,,1.3,2007,7.14,73.0,nM,Kd,73.0,"Moderate
(6≤pK<8)"
2pv1,cuda_genetic_algorithm,True,32.1,-1.6263622045516968,0.0,100.0,2025-12-07T06:10:28.770695,,1.3,2007,7.14,73.0,nM,Kd,73.0,"Moderate
(6≤pK<8)"
2pv1,enhanced_hierarchical_gpu,True,0.97,-3.8671231269836426,1.0002220613194958e-06,100.0,2025-12-07T06:10:36.168493,,1.3,2007,7.14,73.0,nM,Kd,73.0,"Moderate
(6≤pK<8)"
2qci,monte_carlo_cpu,True,158.3,-218.62091302207745,3.853212355394137,10.0,2025-12-07T06:13:14.583837,,1.2,2008,8.34,4.6,nM,Ki,4.6,"Strong
(8≤pK<10)"
2qci,genetic_algorithm_cpu,True,6.54,-201.2869280738256,3.3852893717017007,10.0,2025-12-07T06:13:21.225018,,1.2,2008,8.34,4.6,nM,Ki,4.6,"Strong
(8≤pK<10)"
2qci,hierarchical_cpu,True,6.54,-15.0,3.3852893717018424,10.0,2025-12-07T06:13:27.867252,,1.2,2008,8.34,4.6,nM,Ki,4.6,"Strong
(8≤pK<10)"
2qci,enhanced_hierarchical_cpu,True,0.35,-4.979359418722713,7.579034941091788e-07,20.0,2025-12-07T06:13:28.310758,,1.2,2008,8.34,4.6,nM,Ki,4.6,"Strong
(8≤pK<10)"
2qci,crystal_guided_cpu,True,4.36,-1.9347256706225855,3.3852893717041894,10.0,2025-12-07T06:13:32.765316,,1.2,2008,8.34,4.6,nM,Ki,4.6,"Strong
(8≤pK<10)"
2qci,cuda_genetic_algorithm,True,31.81,-1.653057336807251,9.7844920357242e-07,100.0,2025-12-07T06:24:04.694951,,1.2,2008,8.34,4.6,nM,Ki,4.6,"Strong
(8≤pK<10)"
2qci,enhanced_hierarchical_gpu,True,0.92,-3.1271300315856934,1.451274700646748e-06,100.0,2025-12-07T06:24:05.716414,,1.2,2008,8.34,4.6,nM,Ki,4.6,"Strong
(8≤pK<10)"
2vb8,monte_carlo_cpu,True,34.61,0.0,0.4464632218836981,3.0,2025-12-07T06:24:40.338136,,1.52,2007,4.6,25.0,uM,Kd,25000.0,"Weak
(4≤pK<6)"
2vb8,genetic_algorithm_cpu,True,4.5,-100.93190839591595,0.4464619787769035,10.0,2025-12-07T06:24:44.840716,,1.52,2007,4.6,25.0,uM,Kd,25000.0,"Weak
(4≤pK<6)"
2vb8,hierarchical_cpu,True,4.9,-15.0,0.4464619787769035,7.0,2025-12-07T06:24:49.737817,,1.52,2007,4.6,25.0,uM,Kd,25000.0,"Weak
(4≤pK<6)"
2vb8,enhanced_hierarchical_cpu,True,0.28,-4.99444382400851,0.0,20.0,2025-12-07T06:24:50.021874,,1.52,2007,4.6,25.0,uM,Kd,25000.0,"Weak
(4≤pK<6)"
2vb8,crystal_guided_cpu,True,3.9,-1.9347256706225855,0.4464619787699191,10.0,2025-12-07T06:24:53.931926,,1.52,2007,4.6,25.0,uM,Kd,25000.0,"Weak
(4≤pK<6)"
2vb8,cuda_genetic_algorithm,True,35.07,-2.0265021324157715,0.0,100.0,2025-12-07T06:35:29.200377,,1.52,2007,4.6,25.0,uM,Kd,25000.0,"Weak
(4≤pK<6)"
2vb8,enhanced_hierarchical_gpu,True,1.2,-2.359097719192505,3.814697265625e-06,100.0,2025-12-07T06:35:30.405353,,1.52,2007,4.6,25.0,uM,Kd,25000.0,"Weak
(4≤pK<6)"
2xib,monte_carlo_cpu,True,35.03,0.0,0.2987470016380265,10.0,2025-12-07T06:36:05.445462,,2.2,2010,7.26,55.1,nM,Kd,55.1,"Moderate
(6≤pK<8)"
2xib,genetic_algorithm_cpu,True,2.87,-388.6492063588197,0.2987470016420856,10.0,2025-12-07T06:36:08.314855,,2.2,2010,7.26,55.1,nM,Kd,55.1,"Moderate
(6≤pK<8)"
2xib,hierarchical_cpu,True,3.92,-15.0,0.3920827771168111,10.0,2025-12-07T06:36:12.230664,,2.2,2010,7.26,55.1,nM,Kd,55.1,"Moderate
(6≤pK<8)"
2xib,enhanced_hierarchical_cpu,True,0.18,-4.9871951903859575,0.0,20.0,2025-12-07T06:36:12.407084,,2.2,2010,7.26,55.1,nM,Kd,55.1,"Moderate
(6≤pK<8)"
2xib,crystal_guided_cpu,True,2.26,-1.9347256706225855,0.2987470015903314,10.0,2025-12-07T06:36:14.672075,,2.2,2010,7.26,55.1,nM,Kd,55.1,"Moderate
(6≤pK<8)"
2xib,cuda_monte_carlo,True,580.36,-3.0801446437835693,2.6973983046972182e-06,1000.0,2025-12-07T06:45:55.032745,,2.2,2010,7.26,55.1,nM,Kd,55.1,"Moderate
(6≤pK<8)"
2xib,cuda_genetic_algorithm,True,37.2,-1.7511827945709229,8.129572456705997e-06,100.0,2025-12-07T06:46:32.235181,,2.2,2010,7.26,55.1,nM,Kd,55.1,"Moderate
(6≤pK<8)"
2xib,enhanced_hierarchical_gpu,True,0.64,-2.072772741317749,1.9073486328125e-06,100.0,2025-12-07T06:46:32.880887,,2.2,2010,7.26,55.1,nM,Kd,55.1,"Moderate
(6≤pK<8)"
2xm2,monte_carlo_cpu,True,37.16,0.0,1.8559461765683427,10.0,2025-12-07T06:47:10.044656,,1.95,2011,4.62,24.0,uM,Ki,24000.0,"Weak
(4≤pK<6)"
2xm2,genetic_algorithm_cpu,True,4.14,-313.4896931488725,1.855946176568392,10.0,2025-12-07T06:47:14.182831,,1.95,2011,4.62,24.0,uM,Ki,24000.0,"Weak
(4≤pK<6)"
2xm2,hierarchical_cpu,True,4.69,-15.0,1.855946176568376,10.0,2025-12-07T06:47:18.871628,,1.95,2011,4.62,24.0,uM,Ki,24000.0,"Weak
(4≤pK<6)"
2xm2,enhanced_hierarchical_cpu,True,0.34,-4.993459377000964,3.4823262373934814e-07,20.0,2025-12-07T06:47:19.210311,,1.95,2011,4.62,24.0,uM,Ki,24000.0,"Weak
(4≤pK<6)"
2xm2,crystal_guided_cpu,True,3.77,-1.9347256706225855,1.850372010666192,10.0,2025-12-07T06:47:22.981968,,1.95,2011,4.62,24.0,uM,Ki,24000.0,"Weak
(4≤pK<6)"
2xm2,cuda_genetic_algorithm,True,43.78,-1.9230839014053345,5.886573548130403e-06,100.0,2025-12-07T06:58:07.141599,,1.95,2011,4.62,24.0,uM,Ki,24000.0,"Weak
(4≤pK<6)"
2xm2,enhanced_hierarchical_gpu,True,1.13,-2.383082151412964,1.114888376665127e-06,100.0,2025-12-07T06:58:08.272905,,1.95,2011,4.62,24.0,uM,Ki,24000.0,"Weak
(4≤pK<6)"
2y7z,monte_carlo_cpu,True,90.74,-225.51050317054052,3.756513378046328,10.0,2025-12-07T06:59:39.033656,,1.84,2011,8.7,2.0,nM,Ki,2.0,"Strong
(8≤pK<10)"
2y7z,genetic_algorithm_cpu,True,5.39,-128.16663668039303,3.756513378046344,10.0,2025-12-07T06:59:44.428460,,1.84,2011,8.7,2.0,nM,Ki,2.0,"Strong
(8≤pK<10)"
2y7z,hierarchical_cpu,True,5.7,-15.0,3.776308763616417,10.0,2025-12-07T06:59:50.133731,,1.84,2011,8.7,2.0,nM,Ki,2.0,"Strong
(8≤pK<10)"
2y7z,enhanced_hierarchical_cpu,True,0.3,10.0,0.0,20.0,2025-12-07T06:59:50.437203,,1.84,2011,8.7,2.0,nM,Ki,2.0,"Strong
(8≤pK<10)"
2y7z,crystal_guided_cpu,True,3.9,-1.9347256706225855,1.7740863804308242,10.0,2025-12-07T06:59:54.346507,,1.84,2011,8.7,2.0,nM,Ki,2.0,"Strong
(8≤pK<10)"
2y7z,cuda_genetic_algorithm,True,36.32,-1.7062499523162842,6.806144048600583e-06,100.0,2025-12-07T07:10:31.143524,,1.84,2011,8.7,2.0,nM,Ki,2.0,"Strong
(8≤pK<10)"
2y7z,enhanced_hierarchical_gpu,True,0.98,-2.162558555603028,1.633355786471701e-06,100.0,2025-12-07T07:10:32.133209,,1.84,2011,8.7,2.0,nM,Ki,2.0,"Strong
(8≤pK<10)"
2yfe,monte_carlo_cpu,True,41.87,0.0,1.78993106192488,10.0,2025-12-07T07:11:14.028813,,2.0,2012,6.63,0.236,uM,Ki,236.0,"Moderate
(6≤pK<8)"
2yfe,genetic_algorithm_cpu,True,4.46,-275.1125652636385,1.198762632981373,10.0,2025-12-07T07:11:18.502284,,2.0,2012,6.63,0.236,uM,Ki,236.0,"Moderate
(6≤pK<8)"
2yfe,hierarchical_cpu,True,4.7,-15.0,1.1987626329459464,10.0,2025-12-07T07:11:23.218804,,2.0,2012,6.63,0.236,uM,Ki,236.0,"Moderate
(6≤pK<8)"
2yfe,enhanced_hierarchical_cpu,True,0.24,-4.941723908051894,9.62585543640992e-06,20.0,2025-12-07T07:11:23.475967,,2.0,2012,6.63,0.236,uM,Ki,236.0,"Moderate
(6≤pK<8)"
2yfe,crystal_guided_cpu,True,3.06,-1.9347256706225855,1.2675161091815697,10.0,2025-12-07T07:11:26.547388,,2.0,2012,6.63,0.236,uM,Ki,236.0,"Moderate
(6≤pK<8)"
2yfe,cuda_genetic_algorithm,True,29.64,-1.6411302089691162,0.0,100.0,2025-12-07T07:21:56.382408,,2.0,2012,6.63,0.236,uM,Ki,236.0,"Moderate
(6≤pK<8)"
2yfe,enhanced_hierarchical_gpu,True,0.81,-2.423053503036499,1.72330456334162e-06,100.0,2025-12-07T07:21:57.202404,,2.0,2012,6.63,0.236,uM,Ki,236.0,"Moderate
(6≤pK<8)"
3aaq,monte_carlo_cpu,True,76.83,-161.4181694390915,3.833779569011792,10.0,2025-12-07T07:23:14.047398,,2.0,2010,3.3,0.5,mM,Ki,500000.0,"Very Weak
(pK<4)"
3aaq,genetic_algorithm_cpu,True,5.33,-211.78451789288223,2.2908596920401503,10.0,2025-12-07T07:23:19.381035,,2.0,2010,3.3,0.5,mM,Ki,500000.0,"Very Weak
(pK<4)"
3aaq,hierarchical_cpu,True,6.12,-15.0,2.290859692040046,10.0,2025-12-07T07:23:25.508426,,2.0,2010,3.3,0.5,mM,Ki,500000.0,"Very Weak
(pK<4)"
3aaq,enhanced_hierarchical_cpu,True,0.32,-4.980228212101821,0.0,20.0,2025-12-07T07:23:25.829770,,2.0,2010,3.3,0.5,mM,Ki,500000.0,"Very Weak
(pK<4)"
3aaq,crystal_guided_cpu,True,4.36,-1.9347256706225855,2.290859692037026,10.0,2025-12-07T07:23:30.204245,,2.0,2010,3.3,0.5,mM,Ki,500000.0,"Very Weak
(pK<4)"
3aaq,cuda_genetic_algorithm,True,54.09,-1.628832221031189,0.0,100.0,2025-12-07T07:34:25.034322,,2.0,2010,3.3,0.5,mM,Ki,500000.0,"Very Weak
(pK<4)"
3aaq,enhanced_hierarchical_gpu,True,1.18,-2.5015878677368164,2.072198777218289e-06,100.0,2025-12-07T07:34:26.220224,,2.0,2010,3.3,0.5,mM,Ki,500000.0,"Very Weak
(pK<4)"
3d8w,monte_carlo_cpu,True,61.12,-166.4714806055214,1.9428068590203749,10.0,2025-12-07T07:35:27.349196,,1.7,2009,8.15,7.0,nM,Ki,7.0,"Strong
(8≤pK<10)"
3d8w,genetic_algorithm_cpu,True,2.62,-164.38135947418942,1.9428068590204528,10.0,2025-12-07T07:35:29.970250,,1.7,2009,8.15,7.0,nM,Ki,7.0,"Strong
(8≤pK<10)"
3d8w,hierarchical_cpu,True,2.58,-15.0,1.867453797308983,10.0,2025-12-07T07:35:32.548561,,1.7,2009,8.15,7.0,nM,Ki,7.0,"Strong
(8≤pK<10)"
3d8w,enhanced_hierarchical_cpu,True,0.15,10.0,0.0,20.0,2025-12-07T07:35:32.700015,,1.7,2009,8.15,7.0,nM,Ki,7.0,"Strong
(8≤pK<10)"
3d8w,crystal_guided_cpu,True,1.86,-1.9347256706225855,1.8674452988680583,10.0,2025-12-07T07:35:34.565307,,1.7,2009,8.15,7.0,nM,Ki,7.0,"Strong
(8≤pK<10)"
3d8w,cuda_monte_carlo,True,419.63,-0.9217225313186646,1.6518123698891422e-06,1000.0,2025-12-07T07:42:34.198869,,1.7,2009,8.15,7.0,nM,Ki,7.0,"Strong
(8≤pK<10)"
3d8w,cuda_genetic_algorithm,True,34.84,-2.0071651935577397,0.0,100.0,2025-12-07T07:43:09.041024,,1.7,2009,8.15,7.0,nM,Ki,7.0,"Strong
(8≤pK<10)"
3d8w,enhanced_hierarchical_gpu,True,0.5,-2.31469202041626,7.567329860838625e-07,100.0,2025-12-07T07:43:09.541428,,1.7,2009,8.15,7.0,nM,Ki,7.0,"Strong
(8≤pK<10)"
3dx4,monte_carlo_cpu,True,46.22,0.0,1.1052315104537491,10.0,2025-12-07T07:43:55.771327,,1.38,2009,7.12,76.0,nM,Ki,76.0,"Moderate
(6≤pK<8)"
3dx4,genetic_algorithm_cpu,True,5.0,-233.6733721009368,1.1052315104548025,10.0,2025-12-07T07:44:00.767575,,1.38,2009,7.12,76.0,nM,Ki,76.0,"Moderate
(6≤pK<8)"
3dx4,hierarchical_cpu,True,6.81,-15.0,1.1052315104537491,10.0,2025-12-07T07:44:07.583297,,1.38,2009,7.12,76.0,nM,Ki,76.0,"Moderate
(6≤pK<8)"
3dx4,enhanced_hierarchical_cpu,True,0.32,-4.988441843615057,1.0789593218788872e-06,20.0,2025-12-07T07:44:07.904404,,1.38,2009,7.12,76.0,nM,Ki,76.0,"Moderate
(6≤pK<8)"
3dx4,crystal_guided_cpu,True,5.09,-1.9347256706225855,0.7505642417347516,10.0,2025-12-07T07:44:12.990773,,1.38,2009,7.12,76.0,nM,Ki,76.0,"Moderate
(6≤pK<8)"
3dx4,cuda_genetic_algorithm,True,41.67,-2.01037073135376,0.0,100.0,2025-12-07T07:44:56.225124,,1.38,2009,7.12,76.0,nM,Ki,76.0,"Moderate
(6≤pK<8)"
3dx4,enhanced_hierarchical_gpu,True,1.43,-2.438908100128174,3.4119689598080286e-06,100.0,2025-12-07T07:44:57.658633,,1.38,2009,7.12,76.0,nM,Ki,76.0,"Moderate
(6≤pK<8)"
3ehy,monte_carlo_cpu,True,24.56,-11.127853906481988,1.966224931958544,10.0,2025-12-07T07:45:22.233716,,1.9,2009,5.85,1.4,uM,Ki,1400.0,"Weak
(4≤pK<6)"
3ehy,genetic_algorithm_cpu,True,2.4,-163.77487699814716,1.9662249319586207,10.0,2025-12-07T07:45:24.636006,,1.9,2009,5.85,1.4,uM,Ki,1400.0,"Weak
(4≤pK<6)"
3ehy,hierarchical_cpu,True,3.49,-15.0,0.4871191498004592,10.0,2025-12-07T07:45:28.130850,,1.9,2009,5.85,1.4,uM,Ki,1400.0,"Weak
(4≤pK<6)"
3ehy,enhanced_hierarchical_cpu,True,0.14,10.0,1.398361043797987e-06,20.0,2025-12-07T07:45:28.273132,,1.9,2009,5.85,1.4,uM,Ki,1400.0,"Weak
(4≤pK<6)"
3ehy,crystal_guided_cpu,True,1.69,-1.9347256706225855,1.966224931958081,10.0,2025-12-07T07:45:29.965531,,1.9,2009,5.85,1.4,uM,Ki,1400.0,"Weak
(4≤pK<6)"
3ehy,cuda_monte_carlo,True,314.46,35.40556716918945,1.985231399026997e-06,1000.0,2025-12-07T07:50:44.422928,,1.9,2009,5.85,1.4,uM,Ki,1400.0,"Weak
(4≤pK<6)"
3ehy,cuda_genetic_algorithm,True,30.15,-1.659967064857483,0.0,100.0,2025-12-07T07:51:14.578794,,1.9,2009,5.85,1.4,uM,Ki,1400.0,"Weak
(4≤pK<6)"
3ehy,enhanced_hierarchical_gpu,True,0.4,-1.8514461517333984,6.03156597169567e-07,100.0,2025-12-07T07:51:14.976359,,1.9,2009,5.85,1.4,uM,Ki,1400.0,"Weak
(4≤pK<6)"
3f5l,enhanced_hierarchical_cpu,True,0.35,-4.977451999277597,5.686614933013381e-07,20.0,2025-12-07T07:51:52.922844,,1.37,2009,3.72,0.191,mM,Ki,191000.0,"Very Weak
(pK<4)"
3f5l,crystal_guided_cpu,True,4.1,-1.9347256706225855,1.6451445293578548,10.0,2025-12-07T07:51:57.026553,,1.37,2009,3.72,0.191,mM,Ki,191000.0,"Very Weak
(pK<4)"
3f5l,cuda_genetic_algorithm,True,47.81,-1.913027048110962,9.849505987059065e-07,100.0,2025-12-07T08:02:44.850262,,1.37,2009,3.72,0.191,mM,Ki,191000.0,"Very Weak
(pK<4)"
3f5l,enhanced_hierarchical_gpu,True,1.0,-3.376732349395752,0.0,100.0,2025-12-07T08:02:45.855115,,1.37,2009,3.72,0.191,mM,Ki,191000.0,"Very Weak
(pK<4)"
3fzn,genetic_algorithm_cpu,True,23.85,-243.12259040811816,2.6572705860238983,10.0,2025-12-07T08:05:40.243005,,1.62,2009,4.01,97.0,uM,Kd,97000.0,"Weak
(4≤pK<6)"
3fzn,hierarchical_cpu,True,34.04,-15.0,3.2573111456293065,10.0,2025-12-07T08:06:14.311596,,1.62,2009,4.01,97.0,uM,Kd,97000.0,"Weak
(4≤pK<6)"
3fzn,enhanced_hierarchical_cpu,True,1.27,-4.948791995847831,0.0,20.0,2025-12-07T08:06:15.605174,,1.62,2009,4.01,97.0,uM,Kd,97000.0,"Weak
(4≤pK<6)"
3fzn,crystal_guided_cpu,True,22.61,-1.9347256706225855,2.6572705860213213,10.0,2025-12-07T08:06:38.248486,,1.62,2009,4.01,97.0,uM,Kd,97000.0,"Weak
(4≤pK<6)"
3fzn,cuda_genetic_algorithm,True,37.16,-1.698556900024414,0.0,100.0,2025-12-07T08:07:16.107177,,1.62,2009,4.01,97.0,uM,Kd,97000.0,"Weak
(4≤pK<6)"
3gy7,monte_carlo_cpu,True,17.89,0.0,0.1046585822736089,10.0,2025-12-07T08:07:34.611864,,1.55,2010,4.52,30.0,uM,Kd,30000.0,"Weak
(4≤pK<6)"
3gy7,genetic_algorithm_cpu,True,1.74,-127.7631734160152,0.1046585822715642,10.0,2025-12-07T08:07:36.347817,,1.55,2010,4.52,30.0,uM,Kd,30000.0,"Weak
(4≤pK<6)"
3gy7,hierarchical_cpu,True,2.1,-15.0,0.1046585822746313,10.0,2025-12-07T08:07:38.449132,,1.55,2010,4.52,30.0,uM,Kd,30000.0,"Weak
(4≤pK<6)"
3gy7,enhanced_hierarchical_cpu,True,0.11,-4.988847600637674,0.0,20.0,2025-12-07T08:07:38.558680,,1.55,2010,4.52,30.0,uM,Kd,30000.0,"Weak
(4≤pK<6)"
3gy7,crystal_guided_cpu,True,1.28,-1.9347256706225855,0.5861674381486182,10.0,2025-12-07T08:07:39.839187,,1.55,2010,4.52,30.0,uM,Kd,30000.0,"Weak
(4≤pK<6)"
3gy7,cuda_monte_carlo,True,267.14,-2.76456069946289,5.2946989234461694e-06,1000.0,2025-12-07T08:12:06.977394,,1.55,2010,4.52,30.0,uM,Kd,30000.0,"Weak
(4≤pK<6)"
3gy7,cuda_genetic_algorithm,True,31.58,-1.6589851379394531,3.271075919008424e-07,100.0,2025-12-07T08:12:38.560978,,1.55,2010,4.52,30.0,uM,Kd,30000.0,"Weak
(4≤pK<6)"
3gy7,enhanced_hierarchical_gpu,True,0.35,-1.956303119659424,1.498995300280334e-06,100.0,2025-12-07T08:12:38.916543,,1.55,2010,4.52,30.0,uM,Kd,30000.0,"Weak
(4≤pK<6)"
3hkw,enhanced_hierarchical_cpu,True,0.46,-4.947236279655491,6.314131840533203e-07,20.0,2025-12-07T08:13:41.327546,,1.55,2010,8.64,2.3,nM,Kd,2.3,"Strong
(8≤pK<10)"
3hkw,crystal_guided_cpu,True,7.33,-1.9347256706225855,3.358043611299236,10.0,2025-12-07T08:13:49.850974,,1.55,2010,8.64,2.3,nM,Kd,2.3,"Strong
(8≤pK<10)"
3hkw,cuda_genetic_algorithm,True,33.33,-1.7097280025482178,0.0,100.0,2025-12-07T08:14:26.353202,,1.55,2010,8.64,2.3,nM,Kd,2.3,"Strong
(8≤pK<10)"
3i6o,monte_carlo_cpu,True,131.59,-215.87650014906657,3.1299632319397688,10.0,2025-12-07T08:16:40.058661,,1.17,2009,10.35,45.0,pM,Ki,0.045,"Very Strong
(pK≥10)"
3i6o,genetic_algorithm_cpu,True,6.29,-311.2523204137016,3.7555110834664913,10.0,2025-12-07T08:16:46.486002,,1.17,2009,10.35,45.0,pM,Ki,0.045,"Very Strong
(pK≥10)"
3i6o,hierarchical_cpu,True,7.53,-15.0,4.512050343535392,10.0,2025-12-07T08:16:54.144003,,1.17,2009,10.35,45.0,pM,Ki,0.045,"Very Strong
(pK≥10)"
3i6o,enhanced_hierarchical_cpu,True,0.38,-4.992202897343101,0.0,20.0,2025-12-07T08:16:54.648331,,1.17,2009,10.35,45.0,pM,Ki,0.045,"Very Strong
(pK≥10)"
3i6o,crystal_guided_cpu,True,4.98,-1.9347256706225855,3.6309660076600254,10.0,2025-12-07T08:16:59.765923,,1.17,2009,10.35,45.0,pM,Ki,0.045,"Very Strong
(pK≥10)"
3i6o,cuda_genetic_algorithm,True,43.84,-1.657151222229004,0.0,100.0,2025-12-07T08:27:43.840393,,1.17,2009,10.35,45.0,pM,Ki,0.045,"Very Strong
(pK≥10)"
3i6o,enhanced_hierarchical_gpu,True,1.02,-3.001685380935669,7.1247803462756e-07,100.0,2025-12-07T08:27:44.993042,,1.17,2009,10.35,45.0,pM,Ki,0.045,"Very Strong
(pK≥10)"
3ivc,genetic_algorithm_cpu,True,5.23,-129.02873260553375,2.292549397854002,10.0,2025-12-07T08:28:24.347404,,2.13,2009,4.12,75.0,uM,Kd,75000.0,"Weak
(4≤pK<6)"
3ivc,hierarchical_cpu,True,7.6,-15.0,3.0978181988250992,10.0,2025-12-07T08:28:31.951402,,2.13,2009,4.12,75.0,uM,Kd,75000.0,"Weak
(4≤pK<6)"
3ivc,enhanced_hierarchical_cpu,True,0.3,-4.966771803236972,0.0,20.0,2025-12-07T08:28:32.252032,,2.13,2009,4.12,75.0,uM,Kd,75000.0,"Weak
(4≤pK<6)"
3ivc,crystal_guided_cpu,True,4.16,-1.9347256706225855,2.8474136358699247,10.0,2025-12-07T08:28:36.417141,,2.13,2009,4.12,75.0,uM,Kd,75000.0,"Weak
(4≤pK<6)"
3ivc,cuda_genetic_algorithm,True,44.9,-2.003636121749878,4.09574468190674e-06,100.0,2025-12-07T08:39:21.637887,,2.13,2009,4.12,75.0,uM,Kd,75000.0,"Weak
(4≤pK<6)"
3ivc,enhanced_hierarchical_gpu,True,1.35,-2.409848928451538,1.4636821026129837e-06,100.0,2025-12-07T08:39:22.990210,,2.13,2009,4.12,75.0,uM,Kd,75000.0,"Weak
(4≤pK<6)"
3kgq,monte_carlo_cpu,True,19.71,0.0,1.4203860275090778,10.0,2025-12-07T08:39:42.710024,,1.7,2010,2.3,5.0,mM,Ki,5000000.0,"Very Weak
(pK<4)"
3kgq,genetic_algorithm_cpu,True,2.25,-175.3791636897856,1.420386027509074,10.0,2025-12-07T08:39:44.959455,,1.7,2010,2.3,5.0,mM,Ki,5000000.0,"Very Weak
(pK<4)"
3kgq,hierarchical_cpu,True,3.16,-15.0,1.4203860275090816,10.0,2025-12-07T08:39:48.123060,,1.7,2010,2.3,5.0,mM,Ki,5000000.0,"Very Weak
(pK<4)"
3kgq,enhanced_hierarchical_cpu,True,0.14,-4.990102446414847,6.619528340695755e-06,20.0,2025-12-07T08:39:48.264233,,1.7,2010,2.3,5.0,mM,Ki,5000000.0,"Very Weak
(pK<4)"
3kgq,crystal_guided_cpu,True,1.73,-1.9347256706225855,1.4203860275161442,10.0,2025-12-07T08:39:50.003160,,1.7,2010,2.3,5.0,mM,Ki,5000000.0,"Very Weak
(pK<4)"
3kgq,cuda_monte_carlo,True,389.43,-2.5515360832214355,2.039041457461734e-06,1000.0,2025-12-07T08:46:19.436069,,1.7,2010,2.3,5.0,mM,Ki,5000000.0,"Very Weak
(pK<4)"
3kgq,cuda_genetic_algorithm,True,32.57,-1.6670011281967163,1.0405439864921207e-07,100.0,2025-12-07T08:46:52.002561,,1.7,2010,2.3,5.0,mM,Ki,5000000.0,"Very Weak
(pK<4)"
3kgq,enhanced_hierarchical_gpu,True,0.45,-2.1669607162475586,1.8022750521146166e-07,100.0,2025-12-07T08:46:52.452509,,1.7,2010,2.3,5.0,mM,Ki,5000000.0,"Very Weak
(pK<4)"
3m37,monte_carlo_cpu,True,53.84,0.0,2.2773589399558976,10.0,2025-12-07T08:47:46.306027,,1.9,2010,9.04,0.91,nM,Ki,0.91,"Strong
(8≤pK<10)"
3m37,genetic_algorithm_cpu,True,4.95,-196.52267044156463,3.567835182465517,10.0,2025-12-07T08:47:51.255172,,1.9,2010,9.04,0.91,nM,Ki,0.91,"Strong
(8≤pK<10)"
3m37,hierarchical_cpu,True,7.08,-15.0,3.5678351824666623,10.0,2025-12-07T08:47:58.333139,,1.9,2010,9.04,0.91,nM,Ki,0.91,"Strong
(8≤pK<10)"
3m37,enhanced_hierarchical_cpu,True,0.27,-4.933714234586157,3.1956017173133507e-06,20.0,2025-12-07T08:47:58.609395,,1.9,2010,9.04,0.91,nM,Ki,0.91,"Strong
(8≤pK<10)"
3m37,crystal_guided_cpu,True,3.68,-1.9347256706225855,2.3990387475062183,10.0,2025-12-07T08:48:02.293277,,1.9,2010,9.04,0.91,nM,Ki,0.91,"Strong
(8≤pK<10)"
3m37,cuda_genetic_algorithm,True,44.6,-2.0216360092163086,0.0,100.0,2025-12-07T08:58:47.420935,,1.9,2010,9.04,0.91,nM,Ki,0.91,"Strong
(8≤pK<10)"
3m37,enhanced_hierarchical_gpu,True,0.96,-2.428508996963501,4.042151968582287e-06,100.0,2025-12-07T08:58:48.379952,,1.9,2010,9.04,0.91,nM,Ki,0.91,"Strong
(8≤pK<10)"
3m3c,monte_carlo_cpu,True,78.79,0.0,2.7086122868899034,10.0,2025-12-07T09:00:07.187611,,2.0,2010,4.06,86.21,uM,Kd,86210.0,"Weak
(4≤pK<6)"
3m3c,genetic_algorithm_cpu,True,5.81,-320.262814486266,2.708612286890287,10.0,2025-12-07T09:00:12.999687,,2.0,2010,4.06,86.21,uM,Kd,86210.0,"Weak
(4≤pK<6)"
3m3c,hierarchical_cpu,True,7.08,-15.0,2.7086122868899887,10.0,2025-12-07T09:00:20.078683,,2.0,2010,4.06,86.21,uM,Kd,86210.0,"Weak
(4≤pK<6)"
3m3c,enhanced_hierarchical_cpu,True,0.31,10.0,1.0746692081814022e-06,20.0,2025-12-07T09:00:20.386826,,2.0,2010,4.06,86.21,uM,Kd,86210.0,"Weak
(4≤pK<6)"
3m3c,crystal_guided_cpu,True,4.28,-1.9347256706225855,3.454269662125115,10.0,2025-12-07T09:00:24.669365,,2.0,2010,4.06,86.21,uM,Kd,86210.0,"Weak
(4≤pK<6)"
3m3c,cuda_genetic_algorithm,True,34.27,-1.6442562341690063,0.0,100.0,2025-12-07T09:10:59.452892,,2.0,2010,4.06,86.21,uM,Kd,86210.0,"Weak
(4≤pK<6)"
3m3c,enhanced_hierarchical_gpu,True,1.11,-3.3989856243133545,4.994611135162179e-06,100.0,2025-12-07T09:11:00.568994,,2.0,2010,4.06,86.21,uM,Kd,86210.0,"Weak
(4≤pK<6)"
3mfv,monte_carlo_cpu,True,53.08,0.0,1.0628121333437657,10.0,2025-12-07T09:11:53.659629,,1.9,2010,2.52,3000.0,uM,Ki,3000000.0,"Very Weak
(pK<4)"
3mfv,genetic_algorithm_cpu,True,5.45,-188.08210375464657,0.8997545720743946,10.0,2025-12-07T09:11:59.108566,,1.9,2010,2.52,3000.0,uM,Ki,3000000.0,"Very Weak
(pK<4)"
3mfv,hierarchical_cpu,True,6.08,-15.0,0.8997545720748369,10.0,2025-12-07T09:12:05.191421,,1.9,2010,2.52,3000.0,uM,Ki,3000000.0,"Very Weak
(pK<4)"
3mfv,enhanced_hierarchical_cpu,True,0.4,-4.9858695082304365,0.0,20.0,2025-12-07T09:12:05.594902,,1.9,2010,2.52,3000.0,uM,Ki,3000000.0,"Very Weak
(pK<4)"
3mfv,crystal_guided_cpu,True,4.8,-1.9347256706225855,1.8858789640974931,10.0,2025-12-07T09:12:10.393083,,1.9,2010,2.52,3000.0,uM,Ki,3000000.0,"Very Weak
(pK<4)"
3mfv,cuda_genetic_algorithm,True,33.77,-1.6871614456176758,0.0,100.0,2025-12-07T09:12:45.775856,,1.9,2010,2.52,3000.0,uM,Ki,3000000.0,"Very Weak
(pK<4)"
3mfv,enhanced_hierarchical_gpu,True,1.35,-2.1401140689849854,1.215700987241932e-06,100.0,2025-12-07T09:12:47.124586,,1.9,2010,2.52,3000.0,uM,Ki,3000000.0,"Very Weak
(pK<4)"
3o5x,monte_carlo_cpu,True,99.6,-15.67647003504804,4.687608689303708,10.0,2025-12-07T09:14:26.738983,,2.0,2010,5.28,5.2,uM,Ki,5200.0,"Weak
(4≤pK<6)"
3o5x,genetic_algorithm_cpu,True,6.15,-453.681828928144,3.764863773613672,10.0,2025-12-07T09:14:32.895183,,2.0,2010,5.28,5.2,uM,Ki,5200.0,"Weak
(4≤pK<6)"
3o5x,hierarchical_cpu,True,7.36,-15.0,1.092457394439491,10.0,2025-12-07T09:14:40.262929,,2.0,2010,5.28,5.2,uM,Ki,5200.0,"Weak
(4≤pK<6)"
3o5x,enhanced_hierarchical_cpu,True,0.33,-4.941055475084045,6.494571920461644e-07,20.0,2025-12-07T09:14:40.591322,,2.0,2010,5.28,5.2,uM,Ki,5200.0,"Weak
(4≤pK<6)"
3o5x,crystal_guided_cpu,True,4.45,-1.9347256706225855,4.947202125507357,10.0,2025-12-07T09:14:45.046125,,2.0,2010,5.28,5.2,uM,Ki,5200.0,"Weak
(4≤pK<6)"
3o5x,cuda_genetic_algorithm,True,37.1,-2.018661975860596,4.592355845862168e-07,100.0,2025-12-07T09:25:22.311024,,2.0,2010,5.28,5.2,uM,Ki,5200.0,"Weak
(4≤pK<6)"
3o5x,enhanced_hierarchical_gpu,True,1.03,-2.6372878551483154,1.2989143840923288e-06,100.0,2025-12-07T09:25:23.346729,,2.0,2010,5.28,5.2,uM,Ki,5200.0,"Weak
(4≤pK<6)"
3oaf,monte_carlo_cpu,True,23.0,0.0,2.9003199590532445,7.0,2025-12-07T09:25:46.355323,,1.7,2011,8.8,1.6,nM,Ki,1.6,"Strong
(8≤pK<10)"
3oaf,genetic_algorithm_cpu,True,2.92,-428.5109321499917,1.6459184261932245,10.0,2025-12-07T09:25:49.276673,,1.7,2011,8.8,1.6,nM,Ki,1.6,"Strong
(8≤pK<10)"
3oaf,hierarchical_cpu,True,2.98,-15.0,2.900319959053236,10.0,2025-12-07T09:25:52.253298,,1.7,2011,8.8,1.6,nM,Ki,1.6,"Strong
(8≤pK<10)"
3oaf,enhanced_hierarchical_cpu,True,0.16,-4.985123384667175,5.172025151697544e-07,20.0,2025-12-07T09:25:52.413828,,1.7,2011,8.8,1.6,nM,Ki,1.6,"Strong
(8≤pK<10)"
3oaf,crystal_guided_cpu,True,1.99,-1.9347256706225855,2.900319959053143,10.0,2025-12-07T09:25:54.414162,,1.7,2011,8.8,1.6,nM,Ki,1.6,"Strong
(8≤pK<10)"
3oaf,cuda_monte_carlo,True,398.16,-0.8844068646430969,5.16167073660388e-06,1000.0,2025-12-07T09:32:32.577242,,1.7,2011,8.8,1.6,nM,Ki,1.6,"Strong
(8≤pK<10)"
3oaf,cuda_genetic_algorithm,True,31.78,-1.6286998987197876,6.542151838016847e-07,100.0,2025-12-07T09:33:04.356273,,1.7,2011,8.8,1.6,nM,Ki,1.6,"Strong
(8≤pK<10)"
3oaf,enhanced_hierarchical_gpu,True,0.49,-2.5135698318481445,4.6259999282137483e-07,100.0,2025-12-07T09:33:04.846473,,1.7,2011,8.8,1.6,nM,Ki,1.6,"Strong
(8≤pK<10)"
3qt6,monte_carlo_cpu,True,31.77,0.0,1.88666502795364,2.0,2025-12-07T09:33:36.620077,,2.05,2011,5.37,4.3,uM,Ki,4300.0,"Weak
(4≤pK<6)"
3qt6,genetic_algorithm_cpu,True,4.42,-655.113171271485,2.065608061951026,10.0,2025-12-07T09:33:41.039900,,2.05,2011,5.37,4.3,uM,Ki,4300.0,"Weak
(4≤pK<6)"
3qt6,enhanced_hierarchical_cpu,True,0.33,-4.8335316638075785,4.69556774060565e-07,20.0,2025-12-07T09:43:41.371212,,2.05,2011,5.37,4.3,uM,Ki,4300.0,"Weak
(4≤pK<6)"
3qt6,crystal_guided_cpu,True,3.64,-1.9347256706225855,1.3609860049690514,10.0,2025-12-07T09:43:45.012588,,2.05,2011,5.37,4.3,uM,Ki,4300.0,"Weak
(4≤pK<6)"
3qt6,cuda_genetic_algorithm,True,30.48,-1.6909418106079102,1.0499608660949332e-06,100.0,2025-12-07T09:54:15.880702,,2.05,2011,5.37,4.3,uM,Ki,4300.0,"Weak
(4≤pK<6)"
3qt6,enhanced_hierarchical_gpu,True,1.32,-2.6980152130126958,1.4086703221816948e-06,100.0,2025-12-07T09:54:17.200145,,2.05,2011,5.37,4.3,uM,Ki,4300.0,"Weak
(4≤pK<6)"
3rv8,monte_carlo_cpu,True,23.68,0.0,2.566400609646567,5.0,2025-12-07T09:54:40.889584,,2.29,2012,4.92,12.0,uM,Ki,12000.0,"Weak
(4≤pK<6)"
3rv8,genetic_algorithm_cpu,True,3.11,-346.26469884551614,1.938666926796743,10.0,2025-12-07T09:54:44.003564,,2.29,2012,4.92,12.0,uM,Ki,12000.0,"Weak
(4≤pK<6)"
3rv8,hierarchical_cpu,True,3.35,-15.0,1.9386669267970016,10.0,2025-12-07T09:54:47.355762,,2.29,2012,4.92,12.0,uM,Ki,12000.0,"Weak
(4≤pK<6)"
3rv8,enhanced_hierarchical_cpu,True,0.19,-4.939156778651112,3.541857493916547e-07,20.0,2025-12-07T09:54:47.543110,,2.29,2012,4.92,12.0,uM,Ki,12000.0,"Weak
(4≤pK<6)"
3rv8,crystal_guided_cpu,True,2.4,-1.9347256706225855,2.5664006096373773,10.0,2025-12-07T09:54:49.942523,,2.29,2012,4.92,12.0,uM,Ki,12000.0,"Weak
(4≤pK<6)"
3rv8,cuda_genetic_algorithm,True,32.91,-1.8290929794311523,5.3947966093944364e-06,100.0,2025-12-07T10:05:22.871820,,2.29,2012,4.92,12.0,uM,Ki,12000.0,"Weak
(4≤pK<6)"
3rv8,enhanced_hierarchical_gpu,True,0.74,-2.2677552700042725,8.675743601748314e-07,100.0,2025-12-07T10:05:23.610147,,2.29,2012,4.92,12.0,uM,Ki,12000.0,"Weak
(4≤pK<6)"
3sha,monte_carlo_cpu,True,35.74,0.0,3.319811459469756,7.0,2025-12-07T10:05:59.371610,,1.52,2012,5.59,2.6,uM,Ki,2600.0,"Weak
(4≤pK<6)"
3sha,genetic_algorithm_cpu,True,4.62,-248.48871154922563,2.978594049309069,10.0,2025-12-07T10:06:03.992392,,1.52,2012,5.59,2.6,uM,Ki,2600.0,"Weak
(4≤pK<6)"
3sha,hierarchical_cpu,True,6.66,-15.0,3.3198114594700563,10.0,2025-12-07T10:06:10.651645,,1.52,2012,5.59,2.6,uM,Ki,2600.0,"Weak
(4≤pK<6)"
3sha,enhanced_hierarchical_cpu,True,0.26,-4.984398363169316,0.0,20.0,2025-12-07T10:06:10.910578,,1.52,2012,5.59,2.6,uM,Ki,2600.0,"Weak
(4≤pK<6)"
3sha,crystal_guided_cpu,True,3.39,-1.9347256706225855,3.3198114594719903,10.0,2025-12-07T10:06:14.305468,,1.52,2012,5.59,2.6,uM,Ki,2600.0,"Weak
(4≤pK<6)"
3sha,cuda_genetic_algorithm,True,33.7,-1.6200683116912842,0.0,100.0,2025-12-07T10:16:48.185289,,1.52,2012,5.59,2.6,uM,Ki,2600.0,"Weak
(4≤pK<6)"
3sha,enhanced_hierarchical_gpu,True,0.9,-2.645695209503174,9.251999856427496e-07,100.0,2025-12-07T10:16:49.088568,,1.52,2012,5.59,2.6,uM,Ki,2600.0,"Weak
(4≤pK<6)"
3spf,monte_carlo_cpu,True,79.89,0.0,2.2172948824158336,10.0,2025-12-07T10:18:09.111503,,1.7,2012,3.86,138.0,uM,Ki,138000.0,"Very Weak
(pK<4)"
3spf,genetic_algorithm_cpu,True,6.04,-246.89557803869448,2.157527532665034,10.0,2025-12-07T10:18:15.283193,,1.7,2012,3.86,138.0,uM,Ki,138000.0,"Very Weak
(pK<4)"
3spf,hierarchical_cpu,True,6.0,-15.0,2.157527532665522,10.0,2025-12-07T10:18:21.422577,,1.7,2012,3.86,138.0,uM,Ki,138000.0,"Very Weak
(pK<4)"
3spf,enhanced_hierarchical_cpu,True,0.31,-4.962094897081686,0.0,20.0,2025-12-07T10:18:21.864403,,1.7,2012,3.86,138.0,uM,Ki,138000.0,"Very Weak
(pK<4)"
3spf,crystal_guided_cpu,True,3.8,-1.9347256706225855,3.3717591585023974,10.0,2025-12-07T10:18:25.797042,,1.7,2012,3.86,138.0,uM,Ki,138000.0,"Very Weak
(pK<4)"
3spf,cuda_monte_carlo,True,595.91,46.18521118164063,8.871032959833796e-06,1000.0,2025-12-07T10:28:21.848985,,1.7,2012,3.86,138.0,uM,Ki,138000.0,"Very Weak
(pK<4)"
3spf,cuda_genetic_algorithm,True,33.65,-1.6559467315673828,0.0,100.0,2025-12-07T10:28:55.633875,,1.7,2012,3.86,138.0,uM,Ki,138000.0,"Very Weak
(pK<4)"
3spf,enhanced_hierarchical_gpu,True,0.71,-3.520218849182129,2.0524123643835844e-06,100.0,2025-12-07T10:28:56.475380,,1.7,2012,3.86,138.0,uM,Ki,138000.0,"Very Weak
(pK<4)"
3twp,monte_carlo_cpu,True,36.56,0.0,0.4081144737085104,10.0,2025-12-07T10:29:33.043384,,1.83,2012,3.92,119.0,uM,Ki,119000.0,"Very Weak
(pK<4)"
3twp,genetic_algorithm_cpu,True,1.95,-250.83692608898457,0.3277557939043151,10.0,2025-12-07T10:29:34.998999,,1.83,2012,3.92,119.0,uM,Ki,119000.0,"Very Weak
(pK<4)"
3twp,hierarchical_cpu,True,2.89,-15.0,0.3277557939015402,10.0,2025-12-07T10:29:37.890850,,1.83,2012,3.92,119.0,uM,Ki,119000.0,"Very Weak
(pK<4)"
3twp,enhanced_hierarchical_cpu,True,0.12,-4.943429603492284,1.9073486328125e-06,20.0,2025-12-07T10:29:38.013400,,1.83,2012,3.92,119.0,uM,Ki,119000.0,"Very Weak
(pK<4)"
3twp,crystal_guided_cpu,True,1.53,-1.9347256706225855,0.327755793909865,10.0,2025-12-07T10:29:39.548008,,1.83,2012,3.92,119.0,uM,Ki,119000.0,"Very Weak
(pK<4)"
3twp,cuda_monte_carlo,True,339.2,-2.213209629058838,8.529922399520072e-06,1000.0,2025-12-07T10:35:18.750399,,1.83,2012,3.92,119.0,uM,Ki,119000.0,"Very Weak
(pK<4)"
3twp,cuda_genetic_algorithm,True,33.68,-1.6385338306427002,1.9073486328125e-06,100.0,2025-12-07T10:35:52.433318,,1.83,2012,3.92,119.0,uM,Ki,119000.0,"Very Weak
(pK<4)"
3twp,enhanced_hierarchical_gpu,True,0.44,-1.7031478881835938,3.3036247397782844e-06,100.0,2025-12-07T10:35:52.870231,,1.83,2012,3.92,119.0,uM,Ki,119000.0,"Very Weak
(pK<4)"
3uj9,hierarchical_cpu,True,2.61,10.0,1.0617836834558407,1.0,2025-12-07T10:36:14.897261,,1.24,2011,4.63,23.4,uM,Kd,23400.0,"Weak
(4≤pK<6)"
3uj9,enhanced_hierarchical_cpu,True,0.15,-4.990435688560624,5.290033304455081e-07,20.0,2025-12-07T10:36:15.058778,,1.24,2011,4.63,23.4,uM,Kd,23400.0,"Weak
(4≤pK<6)"
3uj9,crystal_guided_cpu,True,1.9,-1.9347256706225855,1.0617836834512944,10.0,2025-12-07T10:36:16.969103,,1.24,2011,4.63,23.4,uM,Kd,23400.0,"Weak
(4≤pK<6)"
3uj9,cuda_monte_carlo,True,442.72,17.04456901550293,3.129625908441036e-06,1000.0,2025-12-07T10:43:39.705510,,1.24,2011,4.63,23.4,uM,Kd,23400.0,"Weak
(4≤pK<6)"
3uj9,cuda_genetic_algorithm,True,37.51,-1.9562212228775024,6.478941159122061e-07,100.0,2025-12-07T10:44:17.238754,,1.24,2011,4.63,23.4,uM,Kd,23400.0,"Weak
(4≤pK<6)"
3uj9,enhanced_hierarchical_gpu,True,0.59,-2.899919986724853,1.1828874071999403e-06,100.0,2025-12-07T10:44:17.837720,,1.24,2011,4.63,23.4,uM,Kd,23400.0,"Weak
(4≤pK<6)"
3vhd,monte_carlo_cpu,True,30.16,0.0,1.258838234150385,3.0,2025-12-07T10:44:48.008297,,1.52,2012,9.28,0.52,nM,Kd,0.52,"Strong
(8≤pK<10)"
3vhd,hierarchical_cpu,True,4.05,-15.0,1.1288591115507347,10.0,2025-12-07T10:44:54.395865,,1.52,2012,9.28,0.52,nM,Kd,0.52,"Strong
(8≤pK<10)"
3vhd,enhanced_hierarchical_cpu,True,0.24,10.0,2.790210502305564e-06,20.0,2025-12-07T10:44:54.640089,,1.52,2012,9.28,0.52,nM,Kd,0.52,"Strong
(8≤pK<10)"
3vhd,crystal_guided_cpu,True,2.85,-1.9347256706225855,1.1288591115454334,10.0,2025-12-07T10:44:57.495227,,1.52,2012,9.28,0.52,nM,Kd,0.52,"Strong
(8≤pK<10)"
3vhd,cuda_genetic_algorithm,True,31.63,-1.611699461936951,2.697398304697218e-07,100.0,2025-12-07T10:55:29.168166,,1.52,2012,9.28,0.52,nM,Kd,0.52,"Strong
(8≤pK<10)"
3vhd,enhanced_hierarchical_gpu,True,0.72,-3.5380959510803223,5.046370145920927e-07,100.0,2025-12-07T10:55:29.892180,,1.52,2012,9.28,0.52,nM,Kd,0.52,"Strong
(8≤pK<10)"
3vtr,monte_carlo_cpu,True,128.33,0.0,2.294469166507633,10.0,2025-12-07T10:57:41.883395,,2.5,2013,5.57,2.714,uM,Ki,2714.0,"Weak
(4≤pK<6)"
3vtr,genetic_algorithm_cpu,True,17.07,-340.7272169137171,4.243793958384567,10.0,2025-12-07T10:58:02.428404,,2.5,2013,5.57,2.714,uM,Ki,2714.0,"Weak
(4≤pK<6)"
3vtr,hierarchical_cpu,True,23.3,-15.0,2.294469166507633,10.0,2025-12-07T10:58:29.322972,,2.5,2013,5.57,2.714,uM,Ki,2714.0,"Weak
(4≤pK<6)"
3vtr,enhanced_hierarchical_cpu,True,0.83,10.0,2.8334859951332376e-06,20.0,2025-12-07T10:58:33.744850,,2.5,2013,5.57,2.714,uM,Ki,2714.0,"Weak
(4≤pK<6)"
3vtr,crystal_guided_cpu,True,14.26,-1.9347256706225855,2.294469166504133,10.0,2025-12-07T10:58:51.572194,,2.5,2013,5.57,2.714,uM,Ki,2714.0,"Weak
(4≤pK<6)"
3vtr,cuda_genetic_algorithm,True,34.63,-1.7415012121200562,2.650483451002698e-06,100.0,2025-12-07T10:59:30.269711,,2.5,2013,5.57,2.714,uM,Ki,2714.0,"Weak
(4≤pK<6)"
3wvm,monte_carlo_cpu,True,33.13,0.0,4.009805738398384,8.0,2025-12-07T11:00:04.571162,,0.88,2015,5.71,1.95,uM,Kd,1950.0,"Weak
(4≤pK<6)"
3wvm,genetic_algorithm_cpu,True,3.98,-329.8486897176788,4.452494401345643,10.0,2025-12-07T11:00:09.348548,,0.88,2015,5.71,1.95,uM,Kd,1950.0,"Weak
(4≤pK<6)"
3wvm,hierarchical_cpu,True,4.16,-15.0,4.452494401345584,10.0,2025-12-07T11:00:14.276917,,0.88,2015,5.71,1.95,uM,Kd,1950.0,"Weak
(4≤pK<6)"
3wvm,enhanced_hierarchical_cpu,True,0.22,-4.81464351928803,0.0,20.0,2025-12-07T11:00:15.242750,,0.88,2015,5.71,1.95,uM,Kd,1950.0,"Weak
(4≤pK<6)"
3wvm,crystal_guided_cpu,True,2.57,-1.9347256706225855,4.452494401344315,10.0,2025-12-07T11:00:18.550061,,0.88,2015,5.71,1.95,uM,Kd,1950.0,"Weak
(4≤pK<6)"
3wvm,cuda_monte_carlo,True,329.93,-0.3955304324626922,2.709413501378651e-06,1000.0,2025-12-07T11:05:49.230787,,0.88,2015,5.71,1.95,uM,Kd,1950.0,"Weak
(4≤pK<6)"
3wvm,cuda_genetic_algorithm,True,37.55,-1.708298921585083,2.548801821827168e-07,100.0,2025-12-07T11:06:27.525036,,0.88,2015,5.71,1.95,uM,Kd,1950.0,"Weak
(4≤pK<6)"
3wvm,enhanced_hierarchical_gpu,True,0.42,-3.3484723567962646,6.243263918952723e-07,100.0,2025-12-07T11:06:28.695988,,0.88,2015,5.71,1.95,uM,Kd,1950.0,"Weak
(4≤pK<6)"
456c,monte_carlo_cpu,True,38.89,0.0,2.461732484159346,10.0,2025-12-07T11:07:07.595535,,2.4,1999,9.77,0.17,nM,Ki,0.17,"Strong
(8≤pK<10)"
456c,genetic_algorithm_cpu,True,4.49,-387.78965211609255,1.8162991762400755,10.0,2025-12-07T11:07:12.091911,,2.4,1999,9.77,0.17,nM,Ki,0.17,"Strong
(8≤pK<10)"
456c,hierarchical_cpu,True,4.59,-15.0,2.4617324841591,10.0,2025-12-07T11:07:16.679078,,2.4,1999,9.77,0.17,nM,Ki,0.17,"Strong
(8≤pK<10)"
456c,enhanced_hierarchical_cpu,True,0.25,10.0,0.0,20.0,2025-12-07T11:07:16.926339,,2.4,1999,9.77,0.17,nM,Ki,0.17,"Strong
(8≤pK<10)"
456c,crystal_guided_cpu,True,3.13,-1.9347256706225855,2.603284058503224,10.0,2025-12-07T11:07:20.067997,,2.4,1999,9.77,0.17,nM,Ki,0.17,"Strong
(8≤pK<10)"
456c,cuda_genetic_algorithm,True,34.86,-1.6962356567382812,1.741163118696741e-06,100.0,2025-12-07T11:17:55.443699,,2.4,1999,9.77,0.17,nM,Ki,0.17,"Strong
(8≤pK<10)"
456c,enhanced_hierarchical_gpu,True,0.88,-3.043473243713379,3.015782985847835e-06,100.0,2025-12-07T11:17:56.328076,,2.4,1999,9.77,0.17,nM,Ki,0.17,"Strong
(8≤pK<10)"
4ad2,monte_carlo_cpu,True,37.42,0.0,1.1234807353484937,10.0,2025-12-07T11:18:33.755754,,2.1,2012,6.2,625.0,nM,Kd,625.0,"Moderate
(6≤pK<8)"
4ad2,genetic_algorithm_cpu,True,4.46,-323.23131544588955,1.9077337806715529,10.0,2025-12-07T11:18:38.220796,,2.1,2012,6.2,625.0,nM,Kd,625.0,"Moderate
(6≤pK<8)"
4ad2,hierarchical_cpu,True,4.51,-15.0,1.9077337806701968,10.0,2025-12-07T11:18:42.735163,,2.1,2012,6.2,625.0,nM,Kd,625.0,"Moderate
(6≤pK<8)"
4ad2,enhanced_hierarchical_cpu,True,0.25,-4.88744775374328,1.1373229866026765e-06,20.0,2025-12-07T11:18:42.982012,,2.1,2012,6.2,625.0,nM,Kd,625.0,"Moderate
(6≤pK<8)"
4ad2,crystal_guided_cpu,True,3.43,-1.9347256706225855,2.122942881930088,10.0,2025-12-07T11:18:46.416215,,2.1,2012,6.2,625.0,nM,Kd,625.0,"Moderate
(6≤pK<8)"
4ad2,cuda_genetic_algorithm,True,32.83,-1.770246505737305,1.1373229866026765e-06,100.0,2025-12-07T11:29:19.354407,,2.1,2012,6.2,625.0,nM,Kd,625.0,"Moderate
(6≤pK<8)"
4ad2,enhanced_hierarchical_gpu,True,0.96,-2.582615852355957,2.274645973205353e-06,100.0,2025-12-07T11:29:20.313924,,2.1,2012,6.2,625.0,nM,Kd,625.0,"Moderate
(6≤pK<8)"
4ad6,monte_carlo_cpu,True,34.82,0.0,1.623602979549957,10.0,2025-12-07T11:29:55.141418,,1.85,2013,4.78,16.7,uM,Kd,16700.0,"Weak
(4≤pK<6)"
4ad6,genetic_algorithm_cpu,True,1.96,-519.6321950895182,1.7345615514281068,10.0,2025-12-07T11:29:57.105745,,1.85,2013,4.78,16.7,uM,Kd,16700.0,"Weak
(4≤pK<6)"
4ad6,hierarchical_cpu,True,2.92,-15.0,1.810955302913802,10.0,2025-12-07T11:30:00.025008,,1.85,2013,4.78,16.7,uM,Kd,16700.0,"Weak
(4≤pK<6)"
4ad6,enhanced_hierarchical_cpu,True,0.15,10.0,0.0,20.0,2025-12-07T11:30:00.178782,,1.85,2013,4.78,16.7,uM,Kd,16700.0,"Weak
(4≤pK<6)"
4ad6,crystal_guided_cpu,True,1.79,-1.9347256706225855,1.810955302919797,10.0,2025-12-07T11:30:01.969701,,1.85,2013,4.78,16.7,uM,Kd,16700.0,"Weak
(4≤pK<6)"
4ad6,cuda_monte_carlo,True,341.48,-1.333153247833252,9.762069028650875e-06,1000.0,2025-12-07T11:35:43.452363,,1.85,2013,4.78,16.7,uM,Kd,16700.0,"Weak
(4≤pK<6)"
4ad6,cuda_genetic_algorithm,True,31.1,-1.7396131753921509,1.6858739404357617e-07,100.0,2025-12-07T11:36:14.549427,,1.85,2013,4.78,16.7,uM,Kd,16700.0,"Weak
(4≤pK<6)"
4ad6,enhanced_hierarchical_gpu,True,0.43,-2.5395166873931885,2.9200193199910854e-07,100.0,2025-12-07T11:36:14.978219,,1.85,2013,4.78,16.7,uM,Kd,16700.0,"Weak
(4≤pK<6)"
4azi,monte_carlo_cpu,True,32.66,0.0,1.510628197832384,3.0,2025-12-07T11:36:47.655631,,1.98,2013,7.45,35.56,nM,Kd,35.56,"Moderate
(6≤pK<8)"
4azi,genetic_algorithm_cpu,True,4.63,-179.751183109026,1.510641491457846,10.0,2025-12-07T11:36:52.285507,,1.98,2013,7.45,35.56,nM,Kd,35.56,"Moderate
(6≤pK<8)"
4azi,hierarchical_cpu,True,6.85,-15.0,1.510641491457846,10.0,2025-12-07T11:36:59.131729,,1.98,2013,7.45,35.56,nM,Kd,35.56,"Moderate
(6≤pK<8)"
4azi,enhanced_hierarchical_cpu,True,0.35,-4.940875540231863,5.75087250857856e-07,20.0,2025-12-07T11:36:59.486575,,1.98,2013,7.45,35.56,nM,Kd,35.56,"Moderate
(6≤pK<8)"
4azi,crystal_guided_cpu,True,3.89,-1.9347256706225855,1.5106414914514972,10.0,2025-12-07T11:37:03.377912,,1.98,2013,7.45,35.56,nM,Kd,35.56,"Moderate
(6≤pK<8)"
4azi,cuda_genetic_algorithm,True,31.96,-1.7267847061157229,0.0,100.0,2025-12-07T11:47:36.074067,,1.98,2013,7.45,35.56,nM,Kd,35.56,"Moderate
(6≤pK<8)"
4azi,enhanced_hierarchical_gpu,True,1.07,-2.432723999023437,1.6265923794220767e-06,100.0,2025-12-07T11:47:37.148425,,1.98,2013,7.45,35.56,nM,Kd,35.56,"Moderate
(6≤pK<8)"
4b74,monte_carlo_cpu,True,100.02,0.0,2.89803119959665,10.0,2025-12-07T11:49:17.209012,,2.18,2012,7.66,0.022,uM,Kd,22.0,"Moderate
(6≤pK<8)"
4b74,genetic_algorithm_cpu,True,13.63,-149.27623341560206,2.8980311995965176,10.0,2025-12-07T11:49:30.872204,,2.18,2012,7.66,0.022,uM,Kd,22.0,"Moderate
(6≤pK<8)"
4b74,hierarchical_cpu,True,21.53,-15.0,2.8647409298583253,10.0,2025-12-07T11:49:52.442757,,2.18,2012,7.66,0.022,uM,Kd,22.0,"Moderate
(6≤pK<8)"
4b74,enhanced_hierarchical_cpu,True,0.76,-4.986284651301702,1.446870214918286e-05,20.0,2025-12-07T11:49:53.227987,,2.18,2012,7.66,0.022,uM,Kd,22.0,"Moderate
(6≤pK<8)"
4b74,crystal_guided_cpu,True,13.31,-1.9347256706225855,2.8647409298570774,10.0,2025-12-07T11:50:06.565410,,2.18,2012,7.66,0.022,uM,Kd,22.0,"Moderate
(6≤pK<8)"
4b74,cuda_genetic_algorithm,True,38.49,-1.7176570892333984,5.052689960727859e-07,100.0,2025-12-07T11:50:45.554757,,2.18,2012,7.66,0.022,uM,Kd,22.0,"Moderate
(6≤pK<8)"
4b76,monte_carlo_cpu,True,59.23,0.0,1.4543064732411874,10.0,2025-12-07T11:51:45.331432,,2.14,2012,4.54,29.0,uM,Kd,29000.0,"Weak
(4≤pK<6)"
4b76,genetic_algorithm_cpu,True,6.29,-192.87789297757155,1.4543064732408424,10.0,2025-12-07T11:51:51.621216,,2.14,2012,4.54,29.0,uM,Kd,29000.0,"Weak
(4≤pK<6)"
4b76,hierarchical_cpu,True,7.81,10.0,1.1190085279679474,7.0,2025-12-07T11:51:59.435664,,2.14,2012,4.54,29.0,uM,Kd,29000.0,"Weak
(4≤pK<6)"
4b76,enhanced_hierarchical_cpu,True,0.39,-4.999363195211585,5.008942903889562e-07,20.0,2025-12-07T11:51:59.822454,,2.14,2012,4.54,29.0,uM,Kd,29000.0,"Weak
(4≤pK<6)"
4b76,crystal_guided_cpu,True,5.84,-1.9347256706225855,1.1190174231827348,10.0,2025-12-07T11:52:05.669367,,2.14,2012,4.54,29.0,uM,Kd,29000.0,"Weak
(4≤pK<6)"
4b76,cuda_genetic_algorithm,True,36.0,-1.7489439249038696,1.1200336828512258e-06,100.0,2025-12-07T11:52:42.254672,,2.14,2012,4.54,29.0,uM,Kd,29000.0,"Weak
(4≤pK<6)"
4c2v,monte_carlo_cpu,True,267.0,-126.4443112615066,3.903101077682771,10.0,2025-12-07T11:57:12.657458,,1.49,2014,9.0,1.0,nM,Ki,1.0,"Strong
(8≤pK<10)"
4c2v,genetic_algorithm_cpu,True,7.67,-248.80409243599783,3.499614035628293,10.0,2025-12-07T11:57:21.823366,,1.49,2014,9.0,1.0,nM,Ki,1.0,"Strong
(8≤pK<10)"
4c2v,hierarchical_cpu,True,7.53,-15.0,3.4996140356284777,10.0,2025-12-07T11:57:30.846873,,1.49,2014,9.0,1.0,nM,Ki,1.0,"Strong
(8≤pK<10)"
4c2v,enhanced_hierarchical_cpu,True,0.39,-4.972974210958014,6.357828776041667e-06,20.0,2025-12-07T11:57:32.719750,,1.49,2014,9.0,1.0,nM,Ki,1.0,"Strong
(8≤pK<10)"
4c2v,crystal_guided_cpu,True,5.48,-1.9347256706225855,3.499614035626399,10.0,2025-12-07T11:57:39.707604,,1.49,2014,9.0,1.0,nM,Ki,1.0,"Strong
(8≤pK<10)"
4c2v,cuda_genetic_algorithm,True,43.84,-1.963536024093628,1.657918905945498e-06,100.0,2025-12-07T12:08:25.752329,,1.49,2014,9.0,1.0,nM,Ki,1.0,"Strong
(8≤pK<10)"
4c2v,enhanced_hierarchical_gpu,True,1.1,-2.8131277561187744,1.4498080254861678e-06,100.0,2025-12-07T12:08:28.340195,,1.49,2014,9.0,1.0,nM,Ki,1.0,"Strong
(8≤pK<10)"
4ca7,enhanced_hierarchical_cpu,True,0.69,-4.978376150971548,0.0,20.0,2025-12-07T12:10:02.961684,,1.82,2013,7.36,44.0,nM,Ki,44.0,"Moderate
(6≤pK<8)"
4ca7,crystal_guided_cpu,True,11.08,-1.9347256706225855,4.098441984183594,10.0,2025-12-07T12:10:14.048021,,1.82,2013,7.36,44.0,nM,Ki,44.0,"Moderate
(6≤pK<8)"
4ca7,cuda_genetic_algorithm,True,38.75,-1.720128059387207,9.04169966011004e-07,100.0,2025-12-07T12:10:53.307518,,1.82,2013,7.36,44.0,nM,Ki,44.0,"Moderate
(6≤pK<8)"
4cjr,monte_carlo_cpu,True,96.01,-154.20967020997622,4.010378753521157,10.0,2025-12-07T12:12:29.776034,,1.8,2014,3.1,793.0,uM,Kd,793000.0,"Very Weak
(pK<4)"
4cjr,genetic_algorithm_cpu,True,5.23,-236.8408427089924,4.0999088714030005,10.0,2025-12-07T12:12:35.021999,,1.8,2014,3.1,793.0,uM,Kd,793000.0,"Very Weak
(pK<4)"
4cjr,hierarchical_cpu,True,5.19,-15.0,4.099908871403219,10.0,2025-12-07T12:12:40.221708,,1.8,2014,3.1,793.0,uM,Kd,793000.0,"Very Weak
(pK<4)"
4cjr,enhanced_hierarchical_cpu,True,0.28,-4.971842315957289,4.731549628799761e-07,20.0,2025-12-07T12:12:40.517339,,1.8,2014,3.1,793.0,uM,Kd,793000.0,"Very Weak
(pK<4)"
4cjr,crystal_guided_cpu,True,3.47,-1.9347256706225855,4.069008974755203,10.0,2025-12-07T12:12:44.005760,,1.8,2014,3.1,793.0,uM,Kd,793000.0,"Very Weak
(pK<4)"
4cjr,cuda_genetic_algorithm,True,36.23,-1.8955509662628172,0.0,100.0,2025-12-07T12:23:20.444204,,1.8,2014,3.1,793.0,uM,Kd,793000.0,"Very Weak
(pK<4)"
4cjr,enhanced_hierarchical_gpu,True,0.75,-3.3620522022247314,1.338284331218001e-06,100.0,2025-12-07T12:23:21.205070,,1.8,2014,3.1,793.0,uM,Kd,793000.0,"Very Weak
(pK<4)"
4cp5,monte_carlo_cpu,True,106.69,-110.5172332567631,2.9774796383720425,10.0,2025-12-07T12:25:07.900715,,2.32,2015,3.34,452.0,uM,Kd,452000.0,"Very Weak
(pK<4)"
4cp5,genetic_algorithm_cpu,True,3.23,-234.6582172710676,2.524321508712132,10.0,2025-12-07T12:25:11.135951,,2.32,2015,3.34,452.0,uM,Kd,452000.0,"Very Weak
(pK<4)"
4cp5,hierarchical_cpu,True,4.39,-15.0,2.9774796383720425,10.0,2025-12-07T12:25:15.533579,,2.32,2015,3.34,452.0,uM,Kd,452000.0,"Very Weak
(pK<4)"
4cp5,enhanced_hierarchical_cpu,True,0.36,-4.995967539344861,0.0,20.0,2025-12-07T12:25:15.895575,,2.32,2015,3.34,452.0,uM,Kd,452000.0,"Very Weak
(pK<4)"
4cp5,crystal_guided_cpu,True,2.8,-1.9347256706225855,2.8221892722177917,10.0,2025-12-07T12:25:18.692365,,2.32,2015,3.34,452.0,uM,Kd,452000.0,"Very Weak
(pK<4)"
4cp5,cuda_genetic_algorithm,True,32.85,-1.881461501121521,0.0,100.0,2025-12-07T12:35:51.560964,,2.32,2015,3.34,452.0,uM,Kd,452000.0,"Very Weak
(pK<4)"
4cp5,enhanced_hierarchical_gpu,True,0.74,-2.9561870098114014,1.6453975403356691e-06,100.0,2025-12-07T12:35:52.304640,,2.32,2015,3.34,452.0,uM,Kd,452000.0,"Very Weak
(pK<4)"
4gg7,monte_carlo_cpu,True,49.33,0.0,2.5534690175486885,10.0,2025-12-07T12:36:41.644753,,2.27,2012,8.2,6.3,nM,Ki,6.3,"Strong
(8≤pK<10)"
4gg7,genetic_algorithm_cpu,True,5.08,-203.212561806788,2.134168825164201,10.0,2025-12-07T12:36:46.727388,,2.27,2012,8.2,6.3,nM,Ki,6.3,"Strong
(8≤pK<10)"
4gg7,hierarchical_cpu,True,7.19,-15.0,2.553469017548553,10.0,2025-12-07T12:36:53.924012,,2.27,2012,8.2,6.3,nM,Ki,6.3,"Strong
(8≤pK<10)"
4gg7,enhanced_hierarchical_cpu,True,0.37,10.0,6.134677132632035e-07,20.0,2025-12-07T12:36:54.302663,,2.27,2012,8.2,6.3,nM,Ki,6.3,"Strong
(8≤pK<10)"
4gg7,crystal_guided_cpu,True,3.7,-1.9347256706225855,3.230505063738574,10.0,2025-12-07T12:36:58.011257,,2.27,2012,8.2,6.3,nM,Ki,6.3,"Strong
(8≤pK<10)"
4gg7,cuda_genetic_algorithm,True,30.79,-1.70798659324646,2.003577161555825e-06,100.0,2025-12-07T12:47:29.339259,,2.27,2012,8.2,6.3,nM,Ki,6.3,"Strong
(8≤pK<10)"
4gg7,enhanced_hierarchical_gpu,True,0.96,-2.138064384460449,8.675743601748314e-07,100.0,2025-12-07T12:47:30.302362,,2.27,2012,8.2,6.3,nM,Ki,6.3,"Strong
(8≤pK<10)"
4gq4,monte_carlo_cpu,True,35.79,0.0,2.0090758136161835,2.0,2025-12-07T12:48:06.197602,,1.27,2012,7.66,22.0,nM,Kd,22.0,"Moderate
(6≤pK<8)"
4gq4,hierarchical_cpu,True,7.29,-15.0,2.009075813616316,10.0,2025-12-07T12:48:16.547011,,1.27,2012,7.66,22.0,nM,Kd,22.0,"Moderate
(6≤pK<8)"
4gq4,enhanced_hierarchical_cpu,True,0.3,-4.995745662746005,0.0,20.0,2025-12-07T12:48:16.941348,,1.27,2012,7.66,22.0,nM,Kd,22.0,"Moderate
(6≤pK<8)"
4gq4,crystal_guided_cpu,True,4.2,-1.9347256706225855,2.0090758136193148,10.0,2025-12-07T12:48:21.233533,,1.27,2012,7.66,22.0,nM,Kd,22.0,"Moderate
(6≤pK<8)"
4gq4,cuda_genetic_algorithm,True,46.06,-1.7176306247711182,0.0,100.0,2025-12-07T12:59:08.377996,,1.27,2012,7.66,22.0,nM,Kd,22.0,"Moderate
(6≤pK<8)"
4gq4,enhanced_hierarchical_gpu,True,1.3,-2.025222063064575,7.786718186642895e-07,100.0,2025-12-07T12:59:09.778084,,1.27,2012,7.66,22.0,nM,Kd,22.0,"Moderate
(6≤pK<8)"
4ht2,monte_carlo_cpu,True,39.55,-185.42696459914143,1.9732144549468296,4.0,2025-12-07T12:59:49.334997,,1.45,2013,6.54,290.0,nM,Kd,290.0,"Moderate
(6≤pK<8)"
4ht2,genetic_algorithm_cpu,True,3.04,-154.5595780110915,1.830697682253544,10.0,2025-12-07T12:59:52.377900,,1.45,2013,6.54,290.0,nM,Kd,290.0,"Moderate
(6≤pK<8)"
4ht2,hierarchical_cpu,True,3.1,-15.0,1.830701376603454,9.0,2025-12-07T12:59:55.475229,,1.45,2013,6.54,290.0,nM,Kd,290.0,"Moderate
(6≤pK<8)"
4ht2,enhanced_hierarchical_cpu,True,0.18,-4.886756945557219,0.0,20.0,2025-12-07T12:59:55.654282,,1.45,2013,6.54,290.0,nM,Kd,290.0,"Moderate
(6≤pK<8)"
4ht2,crystal_guided_cpu,True,2.16,-1.9347256706225855,1.8306976822595056,10.0,2025-12-07T12:59:57.816709,,1.45,2013,6.54,290.0,nM,Kd,290.0,"Moderate
(6≤pK<8)"
4ht2,cuda_monte_carlo,True,500.75,6.976805210113525,1.8467823725735743e-06,1000.0,2025-12-07T13:08:18.569613,,1.45,2013,6.54,290.0,nM,Kd,290.0,"Moderate
(6≤pK<8)"
4ht2,cuda_genetic_algorithm,True,32.44,-1.6405264139175415,0.0,100.0,2025-12-07T13:08:51.013572,,1.45,2013,6.54,290.0,nM,Kd,290.0,"Moderate
(6≤pK<8)"
4ht2,enhanced_hierarchical_gpu,True,0.6,-2.564147472381592,7.539457464619588e-07,100.0,2025-12-07T13:08:51.619479,,1.45,2013,6.54,290.0,nM,Kd,290.0,"Moderate
(6≤pK<8)"
4ibe,monte_carlo_cpu,True,379.56,-202.49921302595664,2.5780894929619738,10.0,2025-12-07T13:15:11.193966,,1.95,2014,4.15,70.6,uM,Kd,70600.0,"Weak
(4≤pK<6)"
4ibe,genetic_algorithm_cpu,True,2.2,-170.10104484248518,1.3453578475321823,10.0,2025-12-07T13:15:13.396468,,1.95,2014,4.15,70.6,uM,Kd,70600.0,"Weak
(4≤pK<6)"
4ibe,hierarchical_cpu,True,4.28,-15.0,1.3453578475316297,10.0,2025-12-07T13:15:17.681434,,1.95,2014,4.15,70.6,uM,Kd,70600.0,"Weak
(4≤pK<6)"
4ibe,enhanced_hierarchical_cpu,True,0.18,10.0,2.87543625428928e-07,20.0,2025-12-07T13:15:17.860090,,1.95,2014,4.15,70.6,uM,Kd,70600.0,"Weak
(4≤pK<6)"
4ibe,crystal_guided_cpu,True,2.05,-1.9347256706225855,1.4194817162059412,10.0,2025-12-07T13:15:19.906995,,1.95,2014,4.15,70.6,uM,Kd,70600.0,"Weak
(4≤pK<6)"
4ibe,cuda_monte_carlo,True,255.43,-0.9521364569664,4.360814992717151e-06,1000.0,2025-12-07T13:19:35.337574,,1.95,2014,4.15,70.6,uM,Kd,70600.0,"Weak
(4≤pK<6)"
4ibe,cuda_genetic_algorithm,True,35.1,-1.54867422580719,4.066480948555192e-07,100.0,2025-12-07T13:20:10.441661,,1.95,2014,4.15,70.6,uM,Kd,70600.0,"Weak
(4≤pK<6)"
4ibe,enhanced_hierarchical_gpu,True,0.33,-2.9323842525482178,8.626308762867841e-07,100.0,2025-12-07T13:20:10.774339,,1.95,2014,4.15,70.6,uM,Kd,70600.0,"Weak
(4≤pK<6)"
4km0,monte_carlo_cpu,True,41.73,-158.27028689349555,0.3460835758574817,9.0,2025-12-07T13:20:52.509407,,1.3,2013,6.04,0.91,uM,Kd,910.0,"Moderate
(6≤pK<8)"
4km0,genetic_algorithm_cpu,True,2.41,-177.0413097587612,0.9468840880569076,10.0,2025-12-07T13:20:54.915960,,1.3,2013,6.04,0.91,uM,Kd,910.0,"Moderate
(6≤pK<8)"
4km0,hierarchical_cpu,True,2.64,-15.0,0.3460835758575584,8.0,2025-12-07T13:20:57.566983,,1.3,2013,6.04,0.91,uM,Kd,910.0,"Moderate
(6≤pK<8)"
4km0,enhanced_hierarchical_cpu,True,0.14,-4.984313073190108,3.630439925572752e-06,20.0,2025-12-07T13:20:57.711917,,1.3,2013,6.04,0.91,uM,Kd,910.0,"Moderate
(6≤pK<8)"
4km0,crystal_guided_cpu,True,1.7,-1.9347256706225855,0.3859692393501449,10.0,2025-12-07T13:20:59.413068,,1.3,2013,6.04,0.91,uM,Kd,910.0,"Moderate
(6≤pK<8)"
4km0,cuda_monte_carlo,True,330.08,-1.3586530685424805,2.496004548702698e-06,1000.0,2025-12-07T13:26:29.489952,,1.3,2013,6.04,0.91,uM,Kd,910.0,"Moderate
(6≤pK<8)"
4km0,cuda_genetic_algorithm,True,31.7,-1.6784732341766355,1.2311882483823829e-07,100.0,2025-12-07T13:27:01.192328,,1.3,2013,6.04,0.91,uM,Kd,910.0,"Moderate
(6≤pK<8)"
4km0,enhanced_hierarchical_gpu,True,0.42,-2.3125014305114746,4.083389466179253e-07,100.0,2025-12-07T13:27:01.609114,,1.3,2013,6.04,0.91,uM,Kd,910.0,"Moderate
(6≤pK<8)"
4kp5,monte_carlo_cpu,True,43.98,-218.08018651128103,2.969259783194904,2.0,2025-12-07T13:27:45.596914,,1.45,2013,6.08,833.0,nM,Kd,833.0,"Moderate
(6≤pK<8)"
4kp5,genetic_algorithm_cpu,True,3.84,-148.93290188172455,2.450877658012145,10.0,2025-12-07T13:27:49.439403,,1.45,2013,6.08,833.0,nM,Kd,833.0,"Moderate
(6≤pK<8)"
4kp5,hierarchical_cpu,True,4.25,-15.0,2.4508776580119536,10.0,2025-12-07T13:27:53.694070,,1.45,2013,6.08,833.0,nM,Kd,833.0,"Moderate
(6≤pK<8)"
4kp5,enhanced_hierarchical_cpu,True,0.24,10.0,4.844670372016545e-07,20.0,2025-12-07T13:27:53.933394,,1.45,2013,6.08,833.0,nM,Kd,833.0,"Moderate
(6≤pK<8)"
4kp5,crystal_guided_cpu,True,3.24,-1.9347256706225855,2.450877658013725,10.0,2025-12-07T13:27:57.178270,,1.45,2013,6.08,833.0,nM,Kd,833.0,"Moderate
(6≤pK<8)"
4kp5,cuda_genetic_algorithm,True,35.84,-1.8411861658096316,4.844670372016545e-07,100.0,2025-12-07T13:38:33.049092,,1.45,2013,6.08,833.0,nM,Kd,833.0,"Moderate
(6≤pK<8)"
4kp5,enhanced_hierarchical_gpu,True,1.04,-2.6338980197906494,1.281779298843855e-06,100.0,2025-12-07T13:38:34.091965,,1.45,2013,6.08,833.0,nM,Kd,833.0,"Moderate
(6≤pK<8)"
4l9i,monte_carlo_cpu,True,56.68,-89.05638006850397,2.254917236517633,10.0,2025-12-07T13:39:30.780126,,2.32,2014,4.89,13.0,uM,Kd,13000.0,"Weak
(4≤pK<6)"
4l9i,genetic_algorithm_cpu,True,5.99,-287.2347282076844,2.907856639611324,10.0,2025-12-07T13:39:36.771861,,2.32,2014,4.89,13.0,uM,Kd,13000.0,"Weak
(4≤pK<6)"
4l9i,hierarchical_cpu,True,5.78,-15.0,2.2549172365179198,7.0,2025-12-07T13:39:42.551231,,2.32,2014,4.89,13.0,uM,Kd,13000.0,"Weak
(4≤pK<6)"
4l9i,enhanced_hierarchical_cpu,True,0.46,-4.961776074093002,0.0,20.0,2025-12-07T13:39:43.010104,,2.32,2014,4.89,13.0,uM,Kd,13000.0,"Weak
(4≤pK<6)"
4l9i,crystal_guided_cpu,True,4.8,-1.9347256706225855,2.907856639612658,10.0,2025-12-07T13:39:47.814121,,2.32,2014,4.89,13.0,uM,Kd,13000.0,"Weak
(4≤pK<6)"
4l9i,cuda_genetic_algorithm,True,33.58,-1.6206531524658203,0.0,100.0,2025-12-07T13:40:22.999427,,2.32,2014,4.89,13.0,uM,Kd,13000.0,"Weak
(4≤pK<6)"
4l9i,enhanced_hierarchical_gpu,True,1.72,-2.53680419921875,1.3929304949573926e-06,100.0,2025-12-07T13:40:24.723584,,2.32,2014,4.89,13.0,uM,Kd,13000.0,"Weak
(4≤pK<6)"
4mgd,monte_carlo_cpu,True,31.99,0.0,1.0851152730914044,10.0,2025-12-07T13:40:56.719180,,1.9,2014,4.69,20.19,uM,Kd,20190.0,"Weak
(4≤pK<6)"
4mgd,hierarchical_cpu,True,3.42,-15.0,1.0851152730914044,10.0,2025-12-07T13:41:01.840347,,1.9,2014,4.69,20.19,uM,Kd,20190.0,"Weak
(4≤pK<6)"
4mgd,enhanced_hierarchical_cpu,True,0.18,-4.9007199551663305,6.514835844650013e-07,20.0,2025-12-07T13:41:02.018844,,1.9,2014,4.69,20.19,uM,Kd,20190.0,"Weak
(4≤pK<6)"
4mgd,crystal_guided_cpu,True,2.27,-1.9347256706225855,1.085131386794627,10.0,2025-12-07T13:41:04.285314,,1.9,2014,4.69,20.19,uM,Kd,20190.0,"Weak
(4≤pK<6)"
4mgd,cuda_monte_carlo,True,488.53,-1.1244466304779053,3.798769441296808e-06,1000.0,2025-12-07T13:49:12.816087,,1.9,2014,4.69,20.19,uM,Kd,20190.0,"Weak
(4≤pK<6)"
4mgd,cuda_genetic_algorithm,True,36.92,-1.897560477256775,0.0,100.0,2025-12-07T13:49:49.739133,,1.9,2014,4.69,20.19,uM,Kd,20190.0,"Weak
(4≤pK<6)"
4mgd,enhanced_hierarchical_gpu,True,0.6,-2.6652286052703857,0.0,100.0,2025-12-07T13:49:50.339419,,1.9,2014,4.69,20.19,uM,Kd,20190.0,"Weak
(4≤pK<6)"
4n6g,monte_carlo_cpu,True,56.69,0.0,0.1330511093049417,10.0,2025-12-07T13:50:47.037909,,2.14,2014,5.47,3.4,uM,Kd,3400.0,"Weak
(4≤pK<6)"
4n6g,genetic_algorithm_cpu,True,1.55,-239.5636493806492,0.1330451542861378,10.0,2025-12-07T13:50:48.590013,,2.14,2014,5.47,3.4,uM,Kd,3400.0,"Weak
(4≤pK<6)"
4n6g,hierarchical_cpu,True,2.7,-15.0,0.1330511091846337,10.0,2025-12-07T13:50:51.289883,,2.14,2014,5.47,3.4,uM,Kd,3400.0,"Weak
(4≤pK<6)"
4n6g,enhanced_hierarchical_cpu,True,0.24,10.0,0.0,20.0,2025-12-07T13:50:51.526075,,2.14,2014,5.47,3.4,uM,Kd,3400.0,"Weak
(4≤pK<6)"
4n6g,crystal_guided_cpu,True,1.67,-1.9347256706225855,0.1330451541726605,10.0,2025-12-07T13:50:53.201397,,2.14,2014,5.47,3.4,uM,Kd,3400.0,"Weak
(4≤pK<6)"
4n6g,cuda_monte_carlo,True,384.17,-2.1827661991119385,4.730070788435838e-06,1000.0,2025-12-07T13:57:17.373602,,2.14,2014,5.47,3.4,uM,Kd,3400.0,"Weak
(4≤pK<6)"
4n6g,cuda_genetic_algorithm,True,32.65,-1.69266676902771,6.995056465489291e-06,100.0,2025-12-07T13:57:50.023809,,2.14,2014,5.47,3.4,uM,Kd,3400.0,"Weak
(4≤pK<6)"
4n6g,enhanced_hierarchical_gpu,True,0.49,-1.502422571182251,1.8590534867875985e-06,100.0,2025-12-07T13:57:50.518620,,2.14,2014,5.47,3.4,uM,Kd,3400.0,"Weak
(4≤pK<6)"
4nnr,monte_carlo_cpu,True,235.94,-167.3995801146281,4.701395007912747,10.0,2025-12-07T14:01:50.705303,,1.98,2014,7.26,55.0,nM,Kd,55.0,"Moderate
(6≤pK<8)"
4nnr,genetic_algorithm_cpu,True,9.31,-486.5506698723102,3.7446750988879183,10.0,2025-12-07T14:02:04.110475,,1.98,2014,7.26,55.0,nM,Kd,55.0,"Moderate
(6≤pK<8)"
4nnr,hierarchical_cpu,True,10.58,-15.0,4.595901632623278,10.0,2025-12-07T14:02:18.788491,,1.98,2014,7.26,55.0,nM,Kd,55.0,"Moderate
(6≤pK<8)"
4nnr,enhanced_hierarchical_cpu,True,0.5,-4.993423889267849,1.042095879951769e-06,20.0,2025-12-07T14:02:23.540661,,1.98,2014,7.26,55.0,nM,Kd,55.0,"Moderate
(6≤pK<8)"
4nnr,crystal_guided_cpu,True,6.76,-1.9347256706225855,4.595901632620678,10.0,2025-12-07T14:02:34.504990,,1.98,2014,7.26,55.0,nM,Kd,55.0,"Moderate
(6≤pK<8)"
4nnr,cuda_monte_carlo,True,483.86,-0.193767100572586,1.5301431313491055e-05,1000.0,2025-12-07T14:10:42.498633,,1.98,2014,7.26,55.0,nM,Kd,55.0,"Moderate
(6≤pK<8)"
4nnr,cuda_genetic_algorithm,True,34.15,-1.4636037349700928,1.042095879951769e-06,100.0,2025-12-07T14:11:20.741941,,1.98,2014,7.26,55.0,nM,Kd,55.0,"Moderate
(6≤pK<8)"
4nnr,enhanced_hierarchical_gpu,True,1.32,-3.724667072296143,1.614407995281826e-06,100.0,2025-12-07T14:11:26.259736,,1.98,2014,7.26,55.0,nM,Kd,55.0,"Moderate
(6≤pK<8)"
4np3,monte_carlo_cpu,True,231.12,-178.49099690428184,2.1657927241567627,10.0,2025-12-07T14:15:17.397226,,1.61,2014,3.3,0.5,mM,Kd,500000.0,"Very Weak
(pK<4)"
4np3,genetic_algorithm_cpu,True,2.68,-326.69921497154945,2.568851412059993,10.0,2025-12-07T14:15:20.084611,,1.61,2014,3.3,0.5,mM,Kd,500000.0,"Very Weak
(pK<4)"
4np3,hierarchical_cpu,True,3.6,-15.0,2.069108704863487,10.0,2025-12-07T14:15:23.695569,,1.61,2014,3.3,0.5,mM,Kd,500000.0,"Very Weak
(pK<4)"
4np3,enhanced_hierarchical_cpu,True,0.29,10.0,4.61368033263108e-07,20.0,2025-12-07T14:15:23.994939,,1.61,2014,3.3,0.5,mM,Kd,500000.0,"Very Weak
(pK<4)"
4np3,crystal_guided_cpu,True,2.28,-1.9347256706225855,2.045140171592283,10.0,2025-12-07T14:15:26.287634,,1.61,2014,3.3,0.5,mM,Kd,500000.0,"Very Weak
(pK<4)"
4np3,cuda_monte_carlo,True,305.27,-1.402740478515625,2.7401038351496918e-06,1000.0,2025-12-07T14:20:31.564624,,1.61,2014,3.3,0.5,mM,Kd,500000.0,"Very Weak
(pK<4)"
4np3,cuda_genetic_algorithm,True,43.75,-1.5039546489715576,0.0,100.0,2025-12-07T14:21:15.325639,,1.61,2014,3.3,0.5,mM,Kd,500000.0,"Very Weak
(pK<4)"
4np3,enhanced_hierarchical_gpu,True,0.39,-2.4380033016204834,1.458973824703748e-06,100.0,2025-12-07T14:21:15.720065,,1.61,2014,3.3,0.5,mM,Kd,500000.0,"Very Weak
(pK<4)"
4ogj,monte_carlo_cpu,True,88.04,-106.29406271353524,4.2128909678475415,10.0,2025-12-07T14:22:46.146126,,1.65,2014,6.79,164.0,nM,Kd,164.0,"Moderate
(6≤pK<8)"
4ogj,genetic_algorithm_cpu,True,4.82,-454.5788843360495,4.183177906229929,10.0,2025-12-07T14:22:53.370697,,1.65,2014,6.79,164.0,nM,Kd,164.0,"Moderate
(6≤pK<8)"
4ogj,hierarchical_cpu,True,7.2,-15.0,5.293014884268587,10.0,2025-12-07T14:23:02.999453,,1.65,2014,6.79,164.0,nM,Kd,164.0,"Moderate
(6≤pK<8)"
4ogj,enhanced_hierarchical_cpu,True,0.32,-4.994742228084987,8.868990993028205e-07,20.0,2025-12-07T14:23:05.687724,,1.65,2014,6.79,164.0,nM,Kd,164.0,"Moderate
(6≤pK<8)"
4ogj,crystal_guided_cpu,True,3.4,-1.9347256706225855,4.212890967848896,10.0,2025-12-07T14:23:11.480887,,1.65,2014,6.79,164.0,nM,Kd,164.0,"Moderate
(6≤pK<8)"
4ogj,cuda_monte_carlo,True,400.2,0.9669523239135742,2.660697297908461e-06,1000.0,2025-12-07T14:29:54.081680,,1.65,2014,6.79,164.0,nM,Kd,164.0,"Moderate
(6≤pK<8)"
4ogj,cuda_genetic_algorithm,True,31.89,-1.5007658004760742,0.0,100.0,2025-12-07T14:30:28.281758,,1.65,2014,6.79,164.0,nM,Kd,164.0,"Moderate
(6≤pK<8)"
4ogj,enhanced_hierarchical_gpu,True,0.49,-3.845015525817871,1.983166675224443e-06,100.0,2025-12-07T14:30:31.141114,,1.65,2014,6.79,164.0,nM,Kd,164.0,"Moderate
(6≤pK<8)"
4oiv,monte_carlo_cpu,True,40.41,0.0,1.1308856741047766,6.0,2025-12-07T14:31:13.028441,,1.7,2015,5.08,8.29,uM,Kd,8290.0,"Weak
(4≤pK<6)"
4oiv,genetic_algorithm_cpu,True,5.08,-347.5507194497445,1.1308856741049909,10.0,2025-12-07T14:31:19.658340,,1.7,2015,5.08,8.29,uM,Kd,8290.0,"Weak
(4≤pK<6)"
4oiv,hierarchical_cpu,True,7.25,10.0,3.599721901750277,4.0,2025-12-07T14:31:28.449918,,1.7,2015,5.08,8.29,uM,Kd,8290.0,"Weak
(4≤pK<6)"
4oiv,enhanced_hierarchical_cpu,True,0.29,-4.646423996561318,2.202416493185523e-06,20.0,2025-12-07T14:31:30.192561,,1.7,2015,5.08,8.29,uM,Kd,8290.0,"Weak
(4≤pK<6)"
4oiv,crystal_guided_cpu,True,3.82,-1.9347256706225855,1.1308856741137838,10.0,2025-12-07T14:31:35.461992,,1.7,2015,5.08,8.29,uM,Kd,8290.0,"Weak
(4≤pK<6)"
4oiv,cuda_genetic_algorithm,True,33.78,-1.502703309059143,6.03156597169567e-07,100.0,2025-12-07T14:42:11.255998,,1.7,2015,5.08,8.29,uM,Kd,8290.0,"Weak
(4≤pK<6)"
4oiv,enhanced_hierarchical_gpu,True,0.95,-3.5722904205322266,1.3029671689300023e-06,100.0,2025-12-07T14:42:13.736006,,1.7,2015,5.08,8.29,uM,Kd,8290.0,"Weak
(4≤pK<6)"
4qfo,monte_carlo_cpu,True,73.84,-128.14251659260222,1.7412658590195076,5.0,2025-12-07T14:43:27.625152,,2.3,2015,4.27,53.4,uM,Kd,53400.0,"Weak
(4≤pK<6)"
4qfo,hierarchical_cpu,True,5.21,10.0,1.1653637528972969,8.0,2025-12-07T14:43:35.063875,,2.3,2015,4.27,53.4,uM,Kd,53400.0,"Weak
(4≤pK<6)"
4qfo,enhanced_hierarchical_cpu,True,0.22,-4.977039922072699,2.132480599880018e-07,20.0,2025-12-07T14:43:35.312598,,2.3,2015,4.27,53.4,uM,Kd,53400.0,"Weak
(4≤pK<6)"
4qfo,crystal_guided_cpu,True,2.77,-1.9347256706225855,1.741265859013749,10.0,2025-12-07T14:43:38.108872,,2.3,2015,4.27,53.4,uM,Kd,53400.0,"Weak
(4≤pK<6)"
4qfo,cuda_genetic_algorithm,True,31.71,-1.4993494749069214,5.223489356090222e-07,100.0,2025-12-07T14:54:10.333231,,2.3,2015,4.27,53.4,uM,Kd,53400.0,"Weak
(4≤pK<6)"
4qfo,enhanced_hierarchical_gpu,True,0.81,-2.748309850692749,5.223489356090222e-07,100.0,2025-12-07T14:54:11.167020,,2.3,2015,4.27,53.4,uM,Kd,53400.0,"Weak
(4≤pK<6)"
4qjx,monte_carlo_cpu,True,80.51,-215.60038558990135,1.6951416871961726,10.0,2025-12-07T14:55:31.685623,,1.95,2015,7.28,52.0,nM,Kd,52.0,"Moderate
(6≤pK<8)"
4qjx,genetic_algorithm_cpu,True,3.5,-257.88598415147084,2.0541421490773755,10.0,2025-12-07T14:55:35.183022,,1.95,2015,7.28,52.0,nM,Kd,52.0,"Moderate
(6≤pK<8)"
4qjx,hierarchical_cpu,True,3.54,-15.0,2.0541421490773333,10.0,2025-12-07T14:55:38.736074,,1.95,2015,7.28,52.0,nM,Kd,52.0,"Moderate
(6≤pK<8)"
4qjx,enhanced_hierarchical_cpu,True,0.19,-4.965535104634974,0.0,20.0,2025-12-07T14:55:38.929428,,1.95,2015,7.28,52.0,nM,Kd,52.0,"Moderate
(6≤pK<8)"
4qjx,crystal_guided_cpu,True,2.33,-1.9347256706225855,2.054142149073707,10.0,2025-12-07T14:55:41.265343,,1.95,2015,7.28,52.0,nM,Kd,52.0,"Moderate
(6≤pK<8)"
4qjx,cuda_monte_carlo,True,424.07,-1.493319392204285,4.924752993529532e-06,1000.0,2025-12-07T15:02:45.340181,,1.95,2015,7.28,52.0,nM,Kd,52.0,"Moderate
(6≤pK<8)"
4qjx,cuda_genetic_algorithm,True,32.19,-1.7749688625335691,4.162175945968482e-07,100.0,2025-12-07T15:03:17.533682,,1.95,2015,7.28,52.0,nM,Kd,52.0,"Moderate
(6≤pK<8)"
4qjx,enhanced_hierarchical_gpu,True,0.52,-3.2764039039611816,8.829308507657541e-07,100.0,2025-12-07T15:03:18.057226,,1.95,2015,7.28,52.0,nM,Kd,52.0,"Moderate
(6≤pK<8)"
4u6w,monte_carlo_cpu,True,28.05,0.0,1.4022691316965177,10.0,2025-12-07T15:03:46.129206,,1.83,2015,4.21,61.3,uM,Ki,61300.0,"Weak
(4≤pK<6)"
4u6w,genetic_algorithm_cpu,True,2.85,-284.4561032073934,1.2535552318376075,10.0,2025-12-07T15:03:48.999456,,1.83,2015,4.21,61.3,uM,Ki,61300.0,"Weak
(4≤pK<6)"
4u6w,hierarchical_cpu,True,3.02,-15.0,1.4022691316964415,10.0,2025-12-07T15:03:52.037226,,1.83,2015,4.21,61.3,uM,Ki,61300.0,"Weak
(4≤pK<6)"
4u6w,enhanced_hierarchical_cpu,True,0.27,-4.9556658228420245,0.0,20.0,2025-12-07T15:03:52.319020,,1.83,2015,4.21,61.3,uM,Ki,61300.0,"Weak
(4≤pK<6)"
4u6w,crystal_guided_cpu,True,2.08,-1.9347256706225855,1.4022691317027365,10.0,2025-12-07T15:03:54.422216,,1.83,2015,4.21,61.3,uM,Ki,61300.0,"Weak
(4≤pK<6)"
4u6w,cuda_monte_carlo,True,397.66,-2.1801886558532715,3.9524560712496895e-06,1000.0,2025-12-07T15:10:32.100114,,1.83,2015,4.21,61.3,uM,Ki,61300.0,"Weak
(4≤pK<6)"
4u6w,cuda_genetic_algorithm,True,31.55,-1.5031492710113523,0.0,100.0,2025-12-07T15:11:03.675934,,1.83,2015,4.21,61.3,uM,Ki,61300.0,"Weak
(4≤pK<6)"
4u6w,enhanced_hierarchical_gpu,True,0.5,-3.16206431388855,9.251999856427496e-07,100.0,2025-12-07T15:11:04.188641,,1.83,2015,4.21,61.3,uM,Ki,61300.0,"Weak
(4≤pK<6)"
4wiv,monte_carlo_cpu,True,79.72,-64.07246210065243,2.28504597347359,10.0,2025-12-07T15:12:24.083551,,1.56,2014,6.26,550.0,nM,Kd,550.0,"Moderate
(6≤pK<8)"
4wiv,genetic_algorithm_cpu,True,3.0,-279.62537161550483,1.5125954220774307,10.0,2025-12-07T15:12:27.223869,,1.56,2014,6.26,550.0,nM,Kd,550.0,"Moderate
(6≤pK<8)"
4wiv,hierarchical_cpu,True,3.6,-15.0,2.285045973473367,10.0,2025-12-07T15:12:30.977723,,1.56,2014,6.26,550.0,nM,Kd,550.0,"Moderate
(6≤pK<8)"
4wiv,enhanced_hierarchical_cpu,True,0.2,-4.982010949665682,3.633987213756113e-06,20.0,2025-12-07T15:12:31.327691,,1.56,2014,6.26,550.0,nM,Kd,550.0,"Moderate
(6≤pK<8)"
4wiv,crystal_guided_cpu,True,2.37,-1.9347256706225855,2.2850459734738764,10.0,2025-12-07T15:12:33.867836,,1.56,2014,6.26,550.0,nM,Kd,550.0,"Moderate
(6≤pK<8)"
4wiv,cuda_monte_carlo,True,300.85,-1.34257709980011,6.598985249330976e-06,1000.0,2025-12-07T15:17:34.856043,,1.56,2014,6.26,550.0,nM,Kd,550.0,"Moderate
(6≤pK<8)"
4wiv,cuda_genetic_algorithm,True,30.68,-1.468888282775879,4.264961199760036e-07,100.0,2025-12-07T15:18:05.692311,,1.56,2014,6.26,550.0,nM,Kd,550.0,"Moderate
(6≤pK<8)"
4wiv,enhanced_hierarchical_gpu,True,0.39,-2.2332651615142822,1.2507321404079438e-06,100.0,2025-12-07T15:18:06.224768,,1.56,2014,6.26,550.0,nM,Kd,550.0,"Moderate
(6≤pK<8)"
4x5y,monte_carlo_cpu,True,65.0,0.0,2.5398184254190723,10.0,2025-12-07T15:19:14.437768,,1.59,2015,8.03,9.3,nM,Kd,9.3,"Strong
(8≤pK<10)"
4x5y,genetic_algorithm_cpu,True,8.4,-396.1025730207272,2.9311919835755185,10.0,2025-12-07T15:19:26.194529,,1.59,2015,8.03,9.3,nM,Kd,9.3,"Strong
(8≤pK<10)"
4x5y,hierarchical_cpu,True,8.66,-15.0,2.5398184254190723,10.0,2025-12-07T15:19:38.089359,,1.59,2015,8.03,9.3,nM,Kd,9.3,"Strong
(8≤pK<10)"
4x5y,enhanced_hierarchical_cpu,True,0.43,-4.966841329404994,0.0,20.0,2025-12-07T15:19:41.733725,,1.59,2015,8.03,9.3,nM,Kd,9.3,"Strong
(8≤pK<10)"
4x5y,crystal_guided_cpu,True,6.22,-1.9347256706225855,2.5398184254173595,10.0,2025-12-07T15:19:51.054178,,1.59,2015,8.03,9.3,nM,Kd,9.3,"Strong
(8≤pK<10)"
4x5y,cuda_genetic_algorithm,True,29.03,-1.4373483657836914,0.0,100.0,2025-12-07T15:20:24.632117,,1.59,2015,8.03,9.3,nM,Kd,9.3,"Strong
(8≤pK<10)"
4x5y,enhanced_hierarchical_gpu,True,1.44,-3.3542821407318115,1.0139647160934352e-06,100.0,2025-12-07T15:20:29.190405,,1.59,2015,8.03,9.3,nM,Kd,9.3,"Strong
(8≤pK<10)"
4y79,monte_carlo_cpu,True,47.17,0.0,2.2495075342628947,10.0,2025-12-07T15:21:16.388005,,2.1,2015,7.96,11.0,nM,Ki,11.0,"Moderate
(6≤pK<8)"
4y79,genetic_algorithm_cpu,True,4.38,-232.7826568634504,3.295661847530091,10.0,2025-12-07T15:21:20.776029,,2.1,2015,7.96,11.0,nM,Ki,11.0,"Moderate
(6≤pK<8)"
4y79,hierarchical_cpu,True,4.49,-15.0,3.271924962362035,10.0,2025-12-07T15:21:25.276908,,2.1,2015,7.96,11.0,nM,Ki,11.0,"Moderate
(6≤pK<8)"
4y79,enhanced_hierarchical_cpu,True,0.23,10.0,9.903945959683984e-06,20.0,2025-12-07T15:21:25.517750,,2.1,2015,7.96,11.0,nM,Ki,11.0,"Moderate
(6≤pK<8)"
4y79,crystal_guided_cpu,True,2.92,-1.9347256706225855,3.2719249623614477,10.0,2025-12-07T15:21:28.442054,,2.1,2015,7.96,11.0,nM,Ki,11.0,"Moderate
(6≤pK<8)"
4y79,cuda_monte_carlo,True,540.98,-0.4081626832485199,2.7850395654564414e-06,1000.0,2025-12-07T15:30:29.431854,,2.1,2015,7.96,11.0,nM,Ki,11.0,"Moderate
(6≤pK<8)"
4y79,cuda_genetic_algorithm,True,34.04,-1.462254285812378,7.85983451549658e-07,100.0,2025-12-07T15:31:03.477654,,2.1,2015,7.96,11.0,nM,Ki,11.0,"Moderate
(6≤pK<8)"
4y79,enhanced_hierarchical_gpu,True,0.76,-2.145480871200561,4.537877573307862e-07,100.0,2025-12-07T15:31:04.242582,,2.1,2015,7.96,11.0,nM,Ki,11.0,"Moderate
(6≤pK<8)"
4z0k,monte_carlo_cpu,True,45.13,0.0,2.544551452772336,10.0,2025-12-07T15:31:49.385185,,1.41,2015,6.34,0.462,uM,Ki,462.0,"Moderate
(6≤pK<8)"
4z0k,genetic_algorithm_cpu,True,4.37,-296.6949814185604,2.514022597873412,10.0,2025-12-07T15:31:53.758613,,1.41,2015,6.34,0.462,uM,Ki,462.0,"Moderate
(6≤pK<8)"
4z0k,hierarchical_cpu,True,4.47,-15.0,2.447092525096376,10.0,2025-12-07T15:31:58.240412,,1.41,2015,6.34,0.462,uM,Ki,462.0,"Moderate
(6≤pK<8)"
4z0k,enhanced_hierarchical_cpu,True,0.24,-4.972116501539944,1.2957882318244122e-06,20.0,2025-12-07T15:31:58.482409,,1.41,2015,6.34,0.462,uM,Ki,462.0,"Moderate
(6≤pK<8)"
4z0k,crystal_guided_cpu,True,2.9,-1.9347256706225855,2.5445514527700266,10.0,2025-12-07T15:32:01.382457,,1.41,2015,6.34,0.462,uM,Ki,462.0,"Moderate
(6≤pK<8)"
4z0k,cuda_monte_carlo,True,547.97,-2.325123786926269,4.097642177807424e-06,1000.0,2025-12-07T15:41:09.352389,,1.41,2015,6.34,0.462,uM,Ki,462.0,"Moderate
(6≤pK<8)"
4z0k,cuda_genetic_algorithm,True,33.5,-1.65350079536438,9.16260645704768e-07,100.0,2025-12-07T15:41:42.853944,,1.41,2015,6.34,0.462,uM,Ki,462.0,"Moderate
(6≤pK<8)"
4z0k,enhanced_hierarchical_gpu,True,0.66,-2.769336462020874,1.5870099913365244e-06,100.0,2025-12-07T15:41:43.520688,,1.41,2015,6.34,0.462,uM,Ki,462.0,"Moderate
(6≤pK<8)"
4z1e,monte_carlo_cpu,True,65.98,-192.5472905096612,0.6643740265978305,10.0,2025-12-07T15:42:49.508269,,2.01,2015,8.24,5.7,nM,Ki,5.7,"Strong
(8≤pK<10)"
4z1e,genetic_algorithm_cpu,True,3.46,-178.54281905505692,0.6897409529443126,10.0,2025-12-07T15:42:52.971531,,2.01,2015,8.24,5.7,nM,Ki,5.7,"Strong
(8≤pK<10)"
4z1e,hierarchical_cpu,True,3.58,-15.0,0.6643740265975697,10.0,2025-12-07T15:42:56.550822,,2.01,2015,8.24,5.7,nM,Ki,5.7,"Strong
(8≤pK<10)"
4z1e,enhanced_hierarchical_cpu,True,0.19,-4.995817127296212,0.0,20.0,2025-12-07T15:42:56.743602,,2.01,2015,8.24,5.7,nM,Ki,5.7,"Strong
(8≤pK<10)"
4z1e,crystal_guided_cpu,True,2.3,-1.9347256706225855,0.6643740265877915,10.0,2025-12-07T15:42:59.054696,,2.01,2015,8.24,5.7,nM,Ki,5.7,"Strong
(8≤pK<10)"
4z1e,cuda_monte_carlo,True,411.46,2.920531988143921,5.537414941215945e-06,1000.0,2025-12-07T15:49:50.512825,,2.01,2015,8.24,5.7,nM,Ki,5.7,"Strong
(8≤pK<10)"
4z1e,cuda_genetic_algorithm,True,33.3,-1.4835209846496582,2.943102835885848e-07,100.0,2025-12-07T15:50:23.810983,,2.01,2015,8.24,5.7,nM,Ki,5.7,"Strong
(8≤pK<10)"
4z1e,enhanced_hierarchical_gpu,True,0.51,-3.0381250381469727,4.162175945968482e-07,100.0,2025-12-07T15:50:24.319135,,2.01,2015,8.24,5.7,nM,Ki,5.7,"Strong
(8≤pK<10)"
4zeb,monte_carlo_cpu,True,73.89,-118.02060100763524,2.62060241691446,5.0,2025-12-07T15:51:38.218583,,1.89,2015,6.52,0.3,uM,Kd,300.0,"Moderate
(6≤pK<8)"
4zeb,genetic_algorithm_cpu,True,6.0,-173.24473782989853,3.0567582212269864,10.0,2025-12-07T15:51:44.218448,,1.89,2015,6.52,0.3,uM,Kd,300.0,"Moderate
(6≤pK<8)"
4zeb,hierarchical_cpu,True,6.24,-15.0,2.644837077365436,10.0,2025-12-07T15:51:50.461224,,1.89,2015,6.52,0.3,uM,Kd,300.0,"Moderate
(6≤pK<8)"
4zeb,enhanced_hierarchical_cpu,True,0.34,-4.831070991347461,6.590793041849977e-07,20.0,2025-12-07T15:51:50.801785,,1.89,2015,6.52,0.3,uM,Kd,300.0,"Moderate
(6≤pK<8)"
4zeb,crystal_guided_cpu,True,4.66,-1.9347256706225855,2.6206024169204274,10.0,2025-12-07T15:51:55.461131,,1.89,2015,6.52,0.3,uM,Kd,300.0,"Moderate
(6≤pK<8)"
4zeb,cuda_genetic_algorithm,True,36.21,-1.5694491863250732,0.0,100.0,2025-12-07T16:02:31.697528,,1.89,2015,6.52,0.3,uM,Kd,300.0,"Moderate
(6≤pK<8)"
4zeb,enhanced_hierarchical_gpu,True,1.17,-3.3566367626190186,1.141558841065559e-06,100.0,2025-12-07T16:02:32.872143,,1.89,2015,6.52,0.3,uM,Kd,300.0,"Moderate
(6≤pK<8)"
4zow,monte_carlo_cpu,True,290.23,-161.5218847055551,1.4740207968710066,10.0,2025-12-07T16:07:23.107346,,2.45,2015,4.12,75.0,uM,Kd,75000.0,"Weak
(4≤pK<6)"
4zow,genetic_algorithm_cpu,True,2.76,150.18772359876596,1.4740207968708523,10.0,2025-12-07T16:07:25.869833,,2.45,2015,4.12,75.0,uM,Kd,75000.0,"Weak
(4≤pK<6)"
4zow,hierarchical_cpu,True,2.98,-15.0,2.3691879932768387,6.0,2025-12-07T16:07:28.855382,,2.45,2015,4.12,75.0,uM,Kd,75000.0,"Weak
(4≤pK<6)"
4zow,enhanced_hierarchical_cpu,True,0.16,-4.966731169404968,8.259061849445711e-07,20.0,2025-12-07T16:07:29.020606,,2.45,2015,4.12,75.0,uM,Kd,75000.0,"Weak
(4≤pK<6)"
4zow,crystal_guided_cpu,True,1.93,-1.9347256706225855,1.474020796871932,10.0,2025-12-07T16:07:30.953956,,2.45,2015,4.12,75.0,uM,Kd,75000.0,"Weak
(4≤pK<6)"
4zow,cuda_monte_carlo,True,418.3,-2.243932008743286,3.631483605319933e-06,1000.0,2025-12-07T16:14:29.257127,,2.45,2015,4.12,75.0,uM,Kd,75000.0,"Weak
(4≤pK<6)"
4zow,cuda_genetic_algorithm,True,30.83,-1.5728282928466797,2.7392209274950164e-06,100.0,2025-12-07T16:15:00.090720,,2.45,2015,4.12,75.0,uM,Kd,75000.0,"Weak
(4≤pK<6)"
4zow,enhanced_hierarchical_gpu,True,0.52,-2.723106861114502,9.5367431640625e-07,100.0,2025-12-07T16:15:00.609379,,2.45,2015,4.12,75.0,uM,Kd,75000.0,"Weak
(4≤pK<6)"
5bs4,monte_carlo_cpu,True,179.14,-181.01712095064036,4.319306610473562,10.0,2025-12-07T16:18:00.931235,,1.29,2015,11.0,0.0099,nM,Kd,0.0099,"Very Strong
(pK≥10)"
5bs4,genetic_algorithm_cpu,True,5.23,-201.29668280142607,2.9273831803739827,10.0,2025-12-07T16:18:07.288690,,1.29,2015,11.0,0.0099,nM,Kd,0.0099,"Very Strong
(pK≥10)"
5bs4,hierarchical_cpu,True,8.37,-15.0,5.430239379896773,10.0,2025-12-07T16:18:16.802072,,1.29,2015,11.0,0.0099,nM,Kd,0.0099,"Very Strong
(pK≥10)"
5bs4,enhanced_hierarchical_cpu,True,0.33,-4.663035218090727,5.994218454882706e-07,20.0,2025-12-07T16:18:18.247139,,1.29,2015,11.0,0.0099,nM,Kd,0.0099,"Very Strong
(pK≥10)"
5bs4,crystal_guided_cpu,True,4.09,-1.9347256706225855,2.917924250389531,10.0,2025-12-07T16:18:23.460692,,1.29,2015,11.0,0.0099,nM,Kd,0.0099,"Very Strong
(pK≥10)"
5bs4,cuda_monte_carlo,True,546.04,-0.6509217619895935,2.076458183104772e-06,1000.0,2025-12-07T16:27:30.647016,,1.29,2015,11.0,0.0099,nM,Kd,0.0099,"Very Strong
(pK≥10)"
5bs4,cuda_genetic_algorithm,True,29.9,-1.65710711479187,0.0,100.0,2025-12-07T16:28:01.676383,,1.29,2015,11.0,0.0099,nM,Kd,0.0099,"Very Strong
(pK≥10)"
5bs4,enhanced_hierarchical_gpu,True,0.65,-3.529871940612793,1.5859211335813486e-06,100.0,2025-12-07T16:28:03.445465,,1.29,2015,11.0,0.0099,nM,Kd,0.0099,"Very Strong
(pK≥10)"
5csp,monte_carlo_cpu,True,35.99,0.0,0.6900318000092387,10.0,2025-12-07T16:28:39.443633,,1.5,2016,4.24,58.0,uM,Kd,58000.0,"Weak
(4≤pK<6)"
5csp,genetic_algorithm_cpu,True,2.06,-322.79197705057044,1.064873798122098,10.0,2025-12-07T16:28:41.502947,,1.5,2016,4.24,58.0,uM,Kd,58000.0,"Weak
(4≤pK<6)"
5csp,hierarchical_cpu,True,2.54,-15.0,1.064873798119221,10.0,2025-12-07T16:28:44.053508,,1.5,2016,4.24,58.0,uM,Kd,58000.0,"Weak
(4≤pK<6)"
5csp,enhanced_hierarchical_cpu,True,0.12,-4.721959416059953,0.0,20.0,2025-12-07T16:28:44.169928,,1.5,2016,4.24,58.0,uM,Kd,58000.0,"Weak
(4≤pK<6)"
5csp,crystal_guided_cpu,True,1.41,-1.9347256706225855,1.0648737981249747,10.0,2025-12-07T16:28:45.578481,,1.5,2016,4.24,58.0,uM,Kd,58000.0,"Weak
(4≤pK<6)"
5csp,cuda_monte_carlo,True,295.09,-1.9277366399765012,2.129335677869753e-05,1000.0,2025-12-07T16:33:40.674117,,1.5,2016,4.24,58.0,uM,Kd,58000.0,"Weak
(4≤pK<6)"
5csp,cuda_genetic_algorithm,True,38.3,-1.958118200302124,0.0,100.0,2025-12-07T16:34:18.972982,,1.5,2016,4.24,58.0,uM,Kd,58000.0,"Weak
(4≤pK<6)"
5csp,enhanced_hierarchical_gpu,True,0.46,-1.8117327690124512,5.53494453514108e-06,100.0,2025-12-07T16:34:19.436985,,1.5,2016,4.24,58.0,uM,Kd,58000.0,"Weak
(4≤pK<6)"
5dh4,monte_carlo_cpu,True,34.44,0.0,2.472584942401351,10.0,2025-12-07T16:34:53.880460,,2.2,2016,7.24,58.0,nM,Ki,58.0,"Moderate
(6≤pK<8)"
5dh4,genetic_algorithm_cpu,True,2.69,-183.28439553054784,2.472584942401351,10.0,2025-12-07T16:34:56.569644,,2.2,2016,7.24,58.0,nM,Ki,58.0,"Moderate
(6≤pK<8)"
5dh4,hierarchical_cpu,True,3.49,-15.0,2.0110332249216247,10.0,2025-12-07T16:35:00.060574,,2.2,2016,7.24,58.0,nM,Ki,58.0,"Moderate
(6≤pK<8)"
5dh4,enhanced_hierarchical_cpu,True,0.15,-4.767704498716687,0.0,20.0,2025-12-07T16:35:00.212570,,2.2,2016,7.24,58.0,nM,Ki,58.0,"Moderate
(6≤pK<8)"
5dh4,crystal_guided_cpu,True,1.76,-1.9347256706225855,2.0110332249256517,10.0,2025-12-07T16:35:01.978838,,2.2,2016,7.24,58.0,nM,Ki,58.0,"Moderate
(6≤pK<8)"
5dh4,cuda_monte_carlo,True,361.81,-1.1960415840148926,4.251180998309892e-06,1000.0,2025-12-07T16:41:03.791874,,2.2,2016,7.24,58.0,nM,Ki,58.0,"Moderate
(6≤pK<8)"
5dh4,cuda_genetic_algorithm,True,40.66,-1.884497046470642,0.0,100.0,2025-12-07T16:41:44.450181,,2.2,2016,7.24,58.0,nM,Ki,58.0,"Moderate
(6≤pK<8)"
5dh4,enhanced_hierarchical_gpu,True,0.45,-2.2648568153381348,1.6067953856930389e-06,100.0,2025-12-07T16:41:44.905766,,2.2,2016,7.24,58.0,nM,Ki,58.0,"Moderate
(6≤pK<8)"
5dkn,monte_carlo_cpu,True,642.16,-197.2287137884824,3.0151038119363625,10.0,2025-12-07T16:52:30.345150,,1.53,2016,3.69,202.6,uM,Kd,202600.0,"Very Weak
(pK<4)"
5dkn,genetic_algorithm_cpu,True,5.77,-332.969212054705,3.160101137205426,10.0,2025-12-07T16:52:39.396883,,1.53,2016,3.69,202.6,uM,Kd,202600.0,"Very Weak
(pK<4)"
5dkn,hierarchical_cpu,True,6.03,-15.0,2.53172581937213,10.0,2025-12-07T16:52:48.710105,,1.53,2016,3.69,202.6,uM,Kd,202600.0,"Very Weak
(pK<4)"
5dkn,enhanced_hierarchical_cpu,True,0.32,-4.945465155108554,1.919382497507582e-06,20.0,2025-12-07T16:52:52.285965,,1.53,2016,3.69,202.6,uM,Kd,202600.0,"Very Weak
(pK<4)"
5dkn,crystal_guided_cpu,True,4.14,-1.9347256706225855,3.1601011372086907,10.0,2025-12-07T16:52:59.753203,,1.53,2016,3.69,202.6,uM,Kd,202600.0,"Very Weak
(pK<4)"
5dkn,cuda_monte_carlo,True,546.18,-0.3884423673152923,3.690009731524469e-05,1000.0,2025-12-07T17:02:09.311185,,1.53,2016,3.69,202.6,uM,Kd,202600.0,"Very Weak
(pK<4)"
5dkn,cuda_genetic_algorithm,True,30.48,-1.5050485134124756,0.0,100.0,2025-12-07T17:02:43.084800,,1.53,2016,3.69,202.6,uM,Kd,202600.0,"Very Weak
(pK<4)"
5dkn,enhanced_hierarchical_gpu,True,0.65,-1.368559956550598,3.43349579140022e-06,100.0,2025-12-07T17:02:47.119412,,1.53,2016,3.69,202.6,uM,Kd,202600.0,"Very Weak
(pK<4)"
5e74,monte_carlo_cpu,True,72.56,0.0,3.241570864284112,10.0,2025-12-07T17:03:59.690242,,1.78,2015,4.41,39.0,uM,Kd,39000.0,"Weak
(4≤pK<6)"
5e74,genetic_algorithm_cpu,True,2.64,-197.57790173330025,3.2415708642846948,10.0,2025-12-07T17:04:02.334773,,1.78,2015,4.41,39.0,uM,Kd,39000.0,"Weak
(4≤pK<6)"
5e74,hierarchical_cpu,True,4.31,-15.0,3.241570864284004,10.0,2025-12-07T17:04:06.643817,,1.78,2015,4.41,39.0,uM,Kd,39000.0,"Weak
(4≤pK<6)"
5e74,enhanced_hierarchical_cpu,True,0.21,10.0,5.290033304455081e-07,20.0,2025-12-07T17:04:06.852627,,1.78,2015,4.41,39.0,uM,Kd,39000.0,"Weak
(4≤pK<6)"
5e74,crystal_guided_cpu,True,2.28,-1.9347256706225855,3.241570864283227,10.0,2025-12-07T17:04:09.134186,,1.78,2015,4.41,39.0,uM,Kd,39000.0,"Weak
(4≤pK<6)"
5e74,cuda_monte_carlo,True,288.29,-1.067333698272705,2.748781937114304e-06,1000.0,2025-12-07T17:08:57.428824,,1.78,2015,4.41,39.0,uM,Kd,39000.0,"Weak
(4≤pK<6)"
5e74,cuda_genetic_algorithm,True,34.35,-1.4734939336776731,0.0,100.0,2025-12-07T17:09:31.780262,,1.78,2015,4.41,39.0,uM,Kd,39000.0,"Weak
(4≤pK<6)"
5e74,enhanced_hierarchical_gpu,True,0.37,-3.34775710105896,1.2406227790603464e-06,100.0,2025-12-07T17:09:32.149185,,1.78,2015,4.41,39.0,uM,Kd,39000.0,"Weak
(4≤pK<6)"
5ehv,monte_carlo_cpu,True,69.24,-181.633120381449,2.6364430235910965,10.0,2025-12-07T17:10:41.408061,,1.21,2016,3.08,826.0,uM,Kd,826000.0,"Very Weak
(pK<4)"
5ehv,genetic_algorithm_cpu,True,3.2,-215.64662753897017,2.624889612450971,10.0,2025-12-07T17:10:44.612339,,1.21,2016,3.08,826.0,uM,Kd,826000.0,"Very Weak
(pK<4)"
5ehv,hierarchical_cpu,True,4.27,-15.0,2.6364430235427654,10.0,2025-12-07T17:10:48.884293,,1.21,2016,3.08,826.0,uM,Kd,826000.0,"Very Weak
(pK<4)"
5ehv,enhanced_hierarchical_cpu,True,0.26,-4.968956041506373,3.0542021523492266e-07,20.0,2025-12-07T17:10:49.148625,,1.21,2016,3.08,826.0,uM,Kd,826000.0,"Very Weak
(pK<4)"
5ehv,crystal_guided_cpu,True,2.15,-1.9347256706225855,2.6248896124476127,10.0,2025-12-07T17:10:51.300089,,1.21,2016,3.08,826.0,uM,Kd,826000.0,"Very Weak
(pK<4)"
5ehv,cuda_monte_carlo,True,415.73,-1.9744292497634888,2.116013321782033e-06,1000.0,2025-12-07T17:17:47.029936,,1.21,2016,3.08,826.0,uM,Kd,826000.0,"Very Weak
(pK<4)"
5ehv,cuda_genetic_algorithm,True,31.62,-1.5296669006347656,4.319294106081374e-07,100.0,2025-12-07T17:18:18.652591,,1.21,2016,3.08,826.0,uM,Kd,826000.0,"Very Weak
(pK<4)"
5ehv,enhanced_hierarchical_gpu,True,0.52,-2.914278030395508,9.16260645704768e-07,100.0,2025-12-07T17:18:19.173170,,1.21,2016,3.08,826.0,uM,Kd,826000.0,"Very Weak
(pK<4)"
5fbi,monte_carlo_cpu,True,60.05,0.0,2.046978454041458,10.0,2025-12-07T17:19:19.241321,,1.47,2016,2.8,1600.0,uM,Kd,1600000.0,"Very Weak
(pK<4)"
5fbi,genetic_algorithm_cpu,True,3.8,-397.6059361509341,2.046978454041458,10.0,2025-12-07T17:19:23.046162,,1.47,2016,2.8,1600.0,uM,Kd,1600000.0,"Very Weak
(pK<4)"
5fbi,hierarchical_cpu,True,4.43,-15.0,2.133347279313489,10.0,2025-12-07T17:19:27.494478,,1.47,2016,2.8,1600.0,uM,Kd,1600000.0,"Very Weak
(pK<4)"
5fbi,enhanced_hierarchical_cpu,True,0.23,10.0,0.0,20.0,2025-12-07T17:19:27.731153,,1.47,2016,2.8,1600.0,uM,Kd,1600000.0,"Very Weak
(pK<4)"
5fbi,crystal_guided_cpu,True,2.79,-1.9347256706225855,2.1333472793177446,10.0,2025-12-07T17:19:30.526737,,1.47,2016,2.8,1600.0,uM,Kd,1600000.0,"Very Weak
(pK<4)"
5fbi,cuda_monte_carlo,True,449.21,-1.0377997159957886,8.524104559307357e-06,1000.0,2025-12-07T17:26:59.743267,,1.47,2016,2.8,1600.0,uM,Kd,1600000.0,"Very Weak
(pK<4)"
5fbi,cuda_genetic_algorithm,True,33.75,-1.6626898050308228,0.0,100.0,2025-12-07T17:27:33.502911,,1.47,2016,2.8,1600.0,uM,Kd,1600000.0,"Very Weak
(pK<4)"
5fbi,enhanced_hierarchical_gpu,True,0.55,-2.903546094894409,1.2490121927147654e-05,100.0,2025-12-07T17:27:34.053875,,1.47,2016,2.8,1600.0,uM,Kd,1600000.0,"Very Weak
(pK<4)"
5fl4,monte_carlo_cpu,True,70.95,-173.38264823629194,2.001518312611449,10.0,2025-12-07T17:28:45.008033,,1.82,2015,7.0,101.0,nM,Ki,101.0,"Moderate
(6≤pK<8)"
5fl4,genetic_algorithm_cpu,True,3.01,-115.0185391907293,1.793555400853289,10.0,2025-12-07T17:28:48.022945,,1.82,2015,7.0,101.0,nM,Ki,101.0,"Moderate
(6≤pK<8)"
5fl4,hierarchical_cpu,True,3.06,-15.0,1.7935554008539651,9.0,2025-12-07T17:28:51.081649,,1.82,2015,7.0,101.0,nM,Ki,101.0,"Moderate
(6≤pK<8)"
5fl4,enhanced_hierarchical_cpu,True,0.17,-4.943152399044566,0.0,20.0,2025-12-07T17:28:51.253066,,1.82,2015,7.0,101.0,nM,Ki,101.0,"Moderate
(6≤pK<8)"
5fl4,crystal_guided_cpu,True,1.99,-1.9347256706225855,1.7935554008539651,10.0,2025-12-07T17:28:53.248735,,1.82,2015,7.0,101.0,nM,Ki,101.0,"Moderate
(6≤pK<8)"
5fl4,cuda_monte_carlo,True,372.88,-1.4987188577651978,7.193062145859248e-06,1000.0,2025-12-07T17:35:06.129498,,1.82,2015,7.0,101.0,nM,Ki,101.0,"Moderate
(6≤pK<8)"
5fl4,cuda_genetic_algorithm,True,41.68,-1.9808099269866943,8.99132768232406e-07,100.0,2025-12-07T17:35:47.812746,,1.82,2015,7.0,101.0,nM,Ki,101.0,"Moderate
(6≤pK<8)"
5fl4,enhanced_hierarchical_gpu,True,0.47,-2.869663953781128,1.798265536464812e-06,100.0,2025-12-07T17:35:48.283819,,1.82,2015,7.0,101.0,nM,Ki,101.0,"Moderate
(6≤pK<8)"
5flo,monte_carlo_cpu,True,83.85,-191.41098569881711,1.425613003117981,10.0,2025-12-07T17:37:12.141121,,1.66,2016,3.15,709.0,uM,Kd,709000.0,"Very Weak
(pK<4)"
5flo,genetic_algorithm_cpu,True,2.7,-179.36716418500555,1.5762820696963038,10.0,2025-12-07T17:37:14.842130,,1.66,2016,3.15,709.0,uM,Kd,709000.0,"Very Weak
(pK<4)"
5flo,hierarchical_cpu,True,2.78,-15.0,1.6112489789319595,10.0,2025-12-07T17:37:17.620484,,1.66,2016,3.15,709.0,uM,Kd,709000.0,"Very Weak
(pK<4)"
5flo,enhanced_hierarchical_cpu,True,0.15,-4.9873349928189,0.0,20.0,2025-12-07T17:37:17.772172,,1.66,2016,3.15,709.0,uM,Kd,709000.0,"Very Weak
(pK<4)"
5flo,crystal_guided_cpu,True,1.83,-1.9347256706225855,1.3057214928180785,10.0,2025-12-07T17:37:19.598342,,1.66,2016,3.15,709.0,uM,Kd,709000.0,"Very Weak
(pK<4)"
5flo,cuda_monte_carlo,True,339.32,-1.514731764793396,1.8841345999665488e-06,1000.0,2025-12-07T17:42:58.919782,,1.66,2016,3.15,709.0,uM,Kd,709000.0,"Very Weak
(pK<4)"
5flo,cuda_genetic_algorithm,True,39.85,-1.9108953475952148,1.7128496363332266e-07,100.0,2025-12-07T17:43:38.776844,,1.66,2016,3.15,709.0,uM,Kd,709000.0,"Very Weak
(pK<4)"
5flo,enhanced_hierarchical_gpu,True,0.43,-2.594541311264038,7.062259971402688e-07,100.0,2025-12-07T17:43:39.207992,,1.66,2016,3.15,709.0,uM,Kd,709000.0,"Very Weak
(pK<4)"
5g57,monte_carlo_cpu,True,74.15,0.0,5.640719339332565,10.0,2025-12-07T17:44:57.574891,,1.73,2017,8.4,3.98,nM,Ki,3.98,"Strong
(8≤pK<10)"
5g57,genetic_algorithm_cpu,True,8.81,-356.32412125904483,4.382811993308458,10.0,2025-12-07T17:45:10.681071,,1.73,2017,8.4,3.98,nM,Ki,3.98,"Strong
(8≤pK<10)"
5g57,hierarchical_cpu,True,8.84,-15.0,5.640719339332308,10.0,2025-12-07T17:45:23.685107,,1.73,2017,8.4,3.98,nM,Ki,3.98,"Strong
(8≤pK<10)"
5g57,enhanced_hierarchical_cpu,True,0.54,-4.930310931238728,0.0,20.0,2025-12-07T17:45:28.613335,,1.73,2017,8.4,3.98,nM,Ki,3.98,"Strong
(8≤pK<10)"
5g57,crystal_guided_cpu,True,6.51,-1.9347256706225855,5.6407193393304285,10.0,2025-12-07T17:45:39.335427,,1.73,2017,8.4,3.98,nM,Ki,3.98,"Strong
(8≤pK<10)"
5g57,cuda_genetic_algorithm,True,36.14,-1.6319496631622314,0.0,100.0,2025-12-07T17:56:19.867090,,1.73,2017,8.4,3.98,nM,Ki,3.98,"Strong
(8≤pK<10)"
5g57,enhanced_hierarchical_gpu,True,1.24,-4.426461219787598,3.391598813812137e-06,100.0,2025-12-07T17:56:25.286540,,1.73,2017,8.4,3.98,nM,Ki,3.98,"Strong
(8≤pK<10)"
5hjq,monte_carlo_cpu,True,73.99,-113.96669883852792,1.6943612829310295,10.0,2025-12-07T17:57:39.292120,,2.3,2016,4.72,19.0,uM,Kd,19000.0,"Weak
(4≤pK<6)"
5hjq,genetic_algorithm_cpu,True,1.96,-317.868571764338,1.7532402662219635,10.0,2025-12-07T17:57:41.249552,,2.3,2016,4.72,19.0,uM,Kd,19000.0,"Weak
(4≤pK<6)"
5hjq,hierarchical_cpu,True,4.27,-15.0,1.7532402662279227,10.0,2025-12-07T17:57:45.519350,,2.3,2016,4.72,19.0,uM,Kd,19000.0,"Weak
(4≤pK<6)"
5hjq,enhanced_hierarchical_cpu,True,0.18,-4.943057452543368,6.229374549314316e-06,20.0,2025-12-07T17:57:45.697560,,2.3,2016,4.72,19.0,uM,Kd,19000.0,"Weak
(4≤pK<6)"
5hjq,crystal_guided_cpu,True,2.16,-1.9347256706225855,1.3378724993858642,10.0,2025-12-07T17:57:47.856481,,2.3,2016,4.72,19.0,uM,Kd,19000.0,"Weak
(4≤pK<6)"
5hjq,cuda_monte_carlo,True,410.58,-1.3487985134124756,6.229374549314316e-06,1000.0,2025-12-07T18:04:38.438120,,2.3,2016,4.72,19.0,uM,Kd,19000.0,"Weak
(4≤pK<6)"
5hjq,cuda_genetic_algorithm,True,36.7,-1.6575562953948977,1.7277176424325497e-06,100.0,2025-12-07T18:05:15.138719,,2.3,2016,4.72,19.0,uM,Kd,19000.0,"Weak
(4≤pK<6)"
5hjq,enhanced_hierarchical_gpu,True,0.5,-2.3840420246124268,2.992494737826294e-06,100.0,2025-12-07T18:05:15.641195,,2.3,2016,4.72,19.0,uM,Kd,19000.0,"Weak
(4≤pK<6)"
5ito,monte_carlo_cpu,True,21.5,0.0,2.649711107615805,3.0,2025-12-07T18:05:37.148578,,2.35,2016,4.16,68.9,uM,Kd,68900.0,"Weak
(4≤pK<6)"
5ito,enhanced_hierarchical_cpu,True,0.17,-4.980233859162231,0.0,20.0,2025-12-07T18:05:42.706529,,2.35,2016,4.16,68.9,uM,Kd,68900.0,"Weak
(4≤pK<6)"
5ito,crystal_guided_cpu,True,1.94,-1.9347256706225855,1.700467132795795,10.0,2025-12-07T18:05:44.651863,,2.35,2016,4.16,68.9,uM,Kd,68900.0,"Weak
(4≤pK<6)"
5ito,cuda_monte_carlo,True,347.75,-1.5920987129211426,1.6518123698891422e-06,1000.0,2025-12-07T18:11:32.401912,,2.35,2016,4.16,68.9,uM,Kd,68900.0,"Weak
(4≤pK<6)"
5ito,cuda_genetic_algorithm,True,31.54,-1.4172964096069336,7.108268666266726e-07,100.0,2025-12-07T18:12:03.942263,,2.35,2016,4.16,68.9,uM,Kd,68900.0,"Weak
(4≤pK<6)"
5ito,enhanced_hierarchical_gpu,True,0.44,-3.0800909996032715,1.0543266265727362e-06,100.0,2025-12-07T18:12:04.381904,,2.35,2016,4.16,68.9,uM,Kd,68900.0,"Weak
(4≤pK<6)"
5ive,monte_carlo_cpu,True,21.48,0.0,0.0488790237113695,10.0,2025-12-07T18:12:25.865463,,1.78,2016,7.57,0.027,uM,Kd,27.0,"Moderate
(6≤pK<8)"
5ive,genetic_algorithm_cpu,True,2.49,-274.6081601029388,0.8621938175301704,10.0,2025-12-07T18:12:28.361194,,1.78,2016,7.57,0.027,uM,Kd,27.0,"Moderate
(6≤pK<8)"
5ive,hierarchical_cpu,True,2.52,-15.0,0.0488825828297239,5.0,2025-12-07T18:12:30.882815,,1.78,2016,7.57,0.027,uM,Kd,27.0,"Moderate
(6≤pK<8)"
5ive,enhanced_hierarchical_cpu,True,0.14,-4.992439750380759,3.604550104229233e-07,20.0,2025-12-07T18:12:31.025535,,1.78,2016,7.57,0.027,uM,Kd,27.0,"Moderate
(6≤pK<8)"
5ive,crystal_guided_cpu,True,1.65,-1.9347256706225855,0.0488790235997271,10.0,2025-12-07T18:12:32.689030,,1.78,2016,7.57,0.027,uM,Kd,27.0,"Moderate
(6≤pK<8)"
5ive,cuda_monte_carlo,True,335.71,-1.858646035194397,2.745143574252794e-06,1000.0,2025-12-07T18:18:08.396034,,1.78,2016,7.57,0.027,uM,Kd,27.0,"Moderate
(6≤pK<8)"
5ive,cuda_genetic_algorithm,True,35.66,-1.8777786493301392,0.0,100.0,2025-12-07T18:18:44.055500,,1.78,2016,7.57,0.027,uM,Kd,27.0,"Moderate
(6≤pK<8)"
5ive,enhanced_hierarchical_gpu,True,0.43,-2.588690757751465,1.7658617015315085e-06,100.0,2025-12-07T18:18:44.484836,,1.78,2016,7.57,0.027,uM,Kd,27.0,"Moderate
(6≤pK<8)"
5jy3,monte_carlo_cpu,True,68.36,-194.9739297103064,3.1808410024404368,10.0,2025-12-07T18:19:53.416313,,2.4,2016,7.92,12.0,nM,Ki,12.0,"Moderate
(6≤pK<8)"
5jy3,genetic_algorithm_cpu,True,5.99,-257.5253662370045,2.615691103294778,10.0,2025-12-07T18:19:59.970601,,2.4,2016,7.92,12.0,nM,Ki,12.0,"Moderate
(6≤pK<8)"
5jy3,hierarchical_cpu,True,6.57,-15.0,2.7633015781398527,10.0,2025-12-07T18:20:07.162283,,2.4,2016,7.92,12.0,nM,Ki,12.0,"Moderate
(6≤pK<8)"
5jy3,enhanced_hierarchical_cpu,True,0.33,-4.878386598833506,0.0,20.0,2025-12-07T18:20:08.091604,,2.4,2016,7.92,12.0,nM,Ki,12.0,"Moderate
(6≤pK<8)"
5jy3,crystal_guided_cpu,True,4.34,-1.9347256706225855,2.615691103310077,10.0,2025-12-07T18:20:12.973134,,2.4,2016,7.92,12.0,nM,Ki,12.0,"Moderate
(6≤pK<8)"
5jy3,cuda_genetic_algorithm,True,32.97,-1.5166006088256836,0.0,100.0,2025-12-07T18:30:46.569343,,2.4,2016,7.92,12.0,nM,Ki,12.0,"Moderate
(6≤pK<8)"
5jy3,enhanced_hierarchical_gpu,True,1.1,-3.073866605758667,2.0688100606790177e-06,100.0,2025-12-07T18:30:48.245139,,2.4,2016,7.92,12.0,nM,Ki,12.0,"Moderate
(6≤pK<8)"
5lwm,monte_carlo_cpu,True,160.49,-191.8189362641733,3.074830507810012,10.0,2025-12-07T18:33:31.737759,,1.55,2016,8.87,1.34,nM,Kd,1.34,"Strong
(8≤pK<10)"
5lwm,genetic_algorithm_cpu,True,6.72,-345.7064564762179,3.102753518618649,10.0,2025-12-07T18:33:41.310013,,1.55,2016,8.87,1.34,nM,Kd,1.34,"Strong
(8≤pK<10)"
5lwm,hierarchical_cpu,True,8.69,-15.0,3.102753518617687,10.0,2025-12-07T18:33:52.816657,,1.55,2016,8.87,1.34,nM,Kd,1.34,"Strong
(8≤pK<10)"
5lwm,enhanced_hierarchical_cpu,True,0.44,-4.972567502655024,5.664701113801715e-06,20.0,2025-12-07T18:33:56.147250,,1.55,2016,8.87,1.34,nM,Kd,1.34,"Strong
(8≤pK<10)"
5lwm,crystal_guided_cpu,True,4.64,-1.9347256706225855,2.306362470867516,10.0,2025-12-07T18:34:03.639892,,1.55,2016,8.87,1.34,nM,Kd,1.34,"Strong
(8≤pK<10)"
5lwm,cuda_genetic_algorithm,True,34.67,-1.6482751369476318,1.7277176424325497e-06,100.0,2025-12-07T18:44:41.611156,,1.55,2016,8.87,1.34,nM,Kd,1.34,"Strong
(8≤pK<10)"
5lwm,enhanced_hierarchical_gpu,True,0.89,-3.5928826332092285,1.931647047202428e-06,100.0,2025-12-07T18:44:45.455316,,1.55,2016,8.87,1.34,nM,Kd,1.34,"Strong
(8≤pK<10)"
5lyn,monte_carlo_cpu,True,96.26,0.0,4.432070112885305,10.0,2025-12-07T18:46:24.990010,,2.0,2017,5.04,9.04,uM,Kd,9040.0,"Weak
(4≤pK<6)"
5lyn,genetic_algorithm_cpu,True,9.8,-266.92804082328183,6.701940716719894,10.0,2025-12-07T18:46:38.022477,,2.0,2017,5.04,9.04,uM,Kd,9040.0,"Weak
(4≤pK<6)"
5lyn,hierarchical_cpu,True,12.54,-15.0,6.701940716719854,10.0,2025-12-07T18:46:53.793101,,2.0,2017,5.04,9.04,uM,Kd,9040.0,"Weak
(4≤pK<6)"
5lyn,enhanced_hierarchical_cpu,True,0.46,-4.957225980472496,0.0,20.0,2025-12-07T18:46:57.486573,,2.0,2017,5.04,9.04,uM,Kd,9040.0,"Weak
(4≤pK<6)"
5lyn,crystal_guided_cpu,True,6.51,-1.9347256706225855,4.403835650227105,10.0,2025-12-07T18:47:07.250594,,2.0,2017,5.04,9.04,uM,Kd,9040.0,"Weak
(4≤pK<6)"
5lyn,cuda_genetic_algorithm,True,32.04,-1.447465181350708,1.0334555991799872e-06,100.0,2025-12-07T18:57:43.083621,,2.0,2017,5.04,9.04,uM,Kd,9040.0,"Weak
(4≤pK<6)"
5lyn,enhanced_hierarchical_gpu,True,1.05,-3.708043575286865,8.949988025731373e-07,100.0,2025-12-07T18:57:47.361634,,2.0,2017,5.04,9.04,uM,Kd,9040.0,"Weak
(4≤pK<6)"
5nk9,monte_carlo_cpu,True,299.39,-111.60748577602732,1.802028862428622,10.0,2025-12-07T19:02:46.768220,,1.59,2017,6.14,724.0,nM,Kd,724.0,"Moderate
(6≤pK<8)"
5nk9,genetic_algorithm_cpu,True,5.04,-258.82053021528526,2.98494953097149,10.0,2025-12-07T19:02:51.809954,,1.59,2017,6.14,724.0,nM,Kd,724.0,"Moderate
(6≤pK<8)"
5nk9,hierarchical_cpu,True,5.57,-15.0,2.0214644891270943,10.0,2025-12-07T19:02:57.387928,,1.59,2017,6.14,724.0,nM,Kd,724.0,"Moderate
(6≤pK<8)"
5nk9,enhanced_hierarchical_cpu,True,0.28,-4.954119167812614,2.392769043682785e-06,20.0,2025-12-07T19:02:57.667596,,1.59,2017,6.14,724.0,nM,Kd,724.0,"Moderate
(6≤pK<8)"
5nk9,crystal_guided_cpu,True,3.43,-1.9347256706225855,2.9849495309711704,10.0,2025-12-07T19:03:01.099591,,1.59,2017,6.14,724.0,nM,Kd,724.0,"Moderate
(6≤pK<8)"
5nk9,cuda_genetic_algorithm,True,33.67,-1.459541082382202,9.768438715583494e-07,100.0,2025-12-07T19:13:35.084761,,1.59,2017,6.14,724.0,nM,Kd,724.0,"Moderate
(6≤pK<8)"
5nk9,enhanced_hierarchical_gpu,True,0.73,-2.8974833488464355,9.369557265148746e-06,100.0,2025-12-07T19:13:35.817902,,1.59,2017,6.14,724.0,nM,Kd,724.0,"Moderate
(6≤pK<8)"
5oh3,monte_carlo_cpu,True,40.14,-72.72925422714876,1.080393990011278,10.0,2025-12-07T19:14:15.958497,,2.1,2018,3.87,136.0,uM,Ki,136000.0,"Very Weak
(pK<4)"
5oh3,genetic_algorithm_cpu,True,0.92,-213.70205318797812,1.0803939900109574,10.0,2025-12-07T19:14:16.880177,,2.1,2018,3.87,136.0,uM,Ki,136000.0,"Very Weak
(pK<4)"
5oh3,hierarchical_cpu,True,2.07,-15.0,1.0803939900109574,10.0,2025-12-07T19:14:18.954073,,2.1,2018,3.87,136.0,uM,Ki,136000.0,"Very Weak
(pK<4)"
5oh3,enhanced_hierarchical_cpu,True,0.09,10.0,0.0,20.0,2025-12-07T19:14:19.047398,,2.1,2018,3.87,136.0,uM,Ki,136000.0,"Very Weak
(pK<4)"
5oh3,crystal_guided_cpu,True,1.02,-1.9347256706225855,1.0803939900175314,10.0,2025-12-07T19:14:20.082266,,2.1,2018,3.87,136.0,uM,Ki,136000.0,"Very Weak
(pK<4)"
5oh3,cuda_monte_carlo,True,162.09,-0.4052448868751526,7.6746732345863e-06,1000.0,2025-12-07T19:17:02.174646,,2.1,2018,3.87,136.0,uM,Ki,136000.0,"Very Weak
(pK<4)"
5oh3,cuda_genetic_algorithm,True,36.35,-1.8889118432998655,0.0,100.0,2025-12-07T19:17:38.526653,,2.1,2018,3.87,136.0,uM,Ki,136000.0,"Very Weak
(pK<4)"
5oh3,enhanced_hierarchical_gpu,True,0.23,-2.244781732559204,1.019520728730867e-06,100.0,2025-12-07T19:17:38.754797,,2.1,2018,3.87,136.0,uM,Ki,136000.0,"Very Weak
(pK<4)"
5oot,monte_carlo_cpu,True,411.4,-149.2295426008866,2.799631870817386,10.0,2025-12-07T19:24:32.902835,,2.1,2017,7.55,0.0285,uM,Ki,28.5,"Moderate
(6≤pK<8)"
5oot,genetic_algorithm_cpu,True,5.94,-301.99093630128704,3.554763867312773,10.0,2025-12-07T19:24:41.416800,,2.1,2017,7.55,0.0285,uM,Ki,28.5,"Moderate
(6≤pK<8)"
5oot,hierarchical_cpu,True,8.68,-15.0,3.565910504345968,10.0,2025-12-07T19:24:52.682032,,2.1,2017,7.55,0.0285,uM,Ki,28.5,"Moderate
(6≤pK<8)"
5oot,enhanced_hierarchical_cpu,True,0.34,-4.9902731130813,0.0,20.0,2025-12-07T19:24:55.582977,,2.1,2017,7.55,0.0285,uM,Ki,28.5,"Moderate
(6≤pK<8)"
5oot,crystal_guided_cpu,True,4.4,-1.9347256706225855,3.554763867314857,10.0,2025-12-07T19:25:02.614401,,2.1,2017,7.55,0.0285,uM,Ki,28.5,"Moderate
(6≤pK<8)"
5oot,cuda_genetic_algorithm,True,30.36,-1.4623839855194092,0.0,100.0,2025-12-07T19:35:35.945023,,2.1,2017,7.55,0.0285,uM,Ki,28.5,"Moderate
(6≤pK<8)"
5oot,enhanced_hierarchical_gpu,True,0.82,-2.623230218887329,8.550701778421566e-06,100.0,2025-12-07T19:35:39.390206,,2.1,2017,7.55,0.0285,uM,Ki,28.5,"Moderate
(6≤pK<8)"
5ost,monte_carlo_cpu,True,32.88,0.0,1.3041002515296258,10.0,2025-12-07T19:36:12.275466,,2.1,2018,4.56,27.3,uM,Kd,27300.0,"Weak
(4≤pK<6)"
5ost,genetic_algorithm_cpu,True,3.69,-167.53980911474426,1.3041002515288818,10.0,2025-12-07T19:36:15.963018,,2.1,2018,4.56,27.3,uM,Kd,27300.0,"Weak
(4≤pK<6)"
5ost,hierarchical_cpu,True,5.23,-15.0,1.3041002515296258,10.0,2025-12-07T19:36:21.194912,,2.1,2018,4.56,27.3,uM,Kd,27300.0,"Weak
(4≤pK<6)"
5ost,enhanced_hierarchical_cpu,True,0.21,-4.954658655661779,0.0,20.0,2025-12-07T19:36:21.409434,,2.1,2018,4.56,27.3,uM,Kd,27300.0,"Weak
(4≤pK<6)"
5ost,crystal_guided_cpu,True,2.84,-1.9347256706225855,1.33496471167765,10.0,2025-12-07T19:36:24.247644,,2.1,2018,4.56,27.3,uM,Kd,27300.0,"Weak
(4≤pK<6)"
5ost,cuda_genetic_algorithm,True,38.52,-1.8796634674072263,0.0,100.0,2025-12-07T19:47:02.999813,,2.1,2018,4.56,27.3,uM,Kd,27300.0,"Weak
(4≤pK<6)"
5ost,enhanced_hierarchical_gpu,True,0.86,-2.7072765827178955,1.4774258980588596e-06,100.0,2025-12-07T19:47:03.862905,,2.1,2018,4.56,27.3,uM,Kd,27300.0,"Weak
(4≤pK<6)"
5ot8,monte_carlo_cpu,True,58.6,-123.10523391530752,2.219555366606107,10.0,2025-12-07T19:48:02.479932,,2.35,2017,4.2,63.8,uM,Kd,63800.0,"Weak
(4≤pK<6)"
5ot8,genetic_algorithm_cpu,True,3.05,-590.5476782724802,2.4787301951536973,10.0,2025-12-07T19:48:05.526893,,2.35,2017,4.2,63.8,uM,Kd,63800.0,"Weak
(4≤pK<6)"
5ot8,hierarchical_cpu,True,3.85,-15.0,2.8520628650191733,8.0,2025-12-07T19:48:09.377218,,2.35,2017,4.2,63.8,uM,Kd,63800.0,"Weak
(4≤pK<6)"
5ot8,enhanced_hierarchical_cpu,True,0.16,-4.995863781355686,6.357828776041666e-07,20.0,2025-12-07T19:48:09.538679,,2.35,2017,4.2,63.8,uM,Kd,63800.0,"Weak
(4≤pK<6)"
5ot8,crystal_guided_cpu,True,1.93,-1.9347256706225855,2.219555366606061,10.0,2025-12-07T19:48:11.465931,,2.35,2017,4.2,63.8,uM,Kd,63800.0,"Weak
(4≤pK<6)"
5ot8,cuda_monte_carlo,True,346.2,-0.8565420508384705,1.231188248382383e-06,1000.0,2025-12-07T19:53:57.671635,,2.35,2017,4.2,63.8,uM,Kd,63800.0,"Weak
(4≤pK<6)"
5ot8,cuda_genetic_algorithm,True,29.66,-1.5497405529022217,7.108268666266726e-07,100.0,2025-12-07T19:54:27.330614,,2.35,2017,4.2,63.8,uM,Kd,63800.0,"Weak
(4≤pK<6)"
5ot8,enhanced_hierarchical_gpu,True,0.44,-2.6434311866760254,9.5367431640625e-07,100.0,2025-12-07T19:54:27.768233,,2.35,2017,4.2,63.8,uM,Kd,63800.0,"Weak
(4≤pK<6)"
5sz3,monte_carlo_cpu,True,64.92,-175.5013158327189,1.23830822312344,10.0,2025-12-07T19:55:32.694349,,1.69,2016,8.6,2.5,nM,Ki,2.5,"Strong
(8≤pK<10)"
5sz3,genetic_algorithm_cpu,True,2.67,-111.59147057186787,1.108418566783033,10.0,2025-12-07T19:55:35.367751,,1.69,2016,8.6,2.5,nM,Ki,2.5,"Strong
(8≤pK<10)"
5sz3,hierarchical_cpu,True,2.8,-15.0,1.1084185667826227,10.0,2025-12-07T19:55:38.176160,,1.69,2016,8.6,2.5,nM,Ki,2.5,"Strong
(8≤pK<10)"
5sz3,enhanced_hierarchical_cpu,True,0.15,-4.933416061569456,0.0,20.0,2025-12-07T19:55:38.328940,,1.69,2016,8.6,2.5,nM,Ki,2.5,"Strong
(8≤pK<10)"
5sz3,crystal_guided_cpu,True,1.83,-1.9347256706225855,1.1866149758409943,10.0,2025-12-07T19:55:40.159794,,1.69,2016,8.6,2.5,nM,Ki,2.5,"Strong
(8≤pK<10)"
5sz3,cuda_monte_carlo,True,343.72,-2.201084852218628,7.688768146799611e-06,1000.0,2025-12-07T20:01:23.881385,,1.69,2016,8.6,2.5,nM,Ki,2.5,"Strong
(8≤pK<10)"
5sz3,cuda_genetic_algorithm,True,33.41,-1.884931206703186,0.0,100.0,2025-12-07T20:01:57.296139,,1.69,2016,8.6,2.5,nM,Ki,2.5,"Strong
(8≤pK<10)"
5sz3,enhanced_hierarchical_gpu,True,0.43,-2.8341481685638428,2.132480599880018e-06,100.0,2025-12-07T20:01:57.728585,,1.69,2016,8.6,2.5,nM,Ki,2.5,"Strong
(8≤pK<10)"
5u4b,monte_carlo_cpu,True,81.12,-144.20171964596418,1.3894981424811734,10.0,2025-12-07T20:03:18.860159,,1.45,2017,5.74,1.8,uM,Kd,1800.0,"Weak
(4≤pK<6)"
5u4b,genetic_algorithm_cpu,True,3.09,-436.93698578457,1.3732386640297638,10.0,2025-12-07T20:03:21.950845,,1.45,2017,5.74,1.8,uM,Kd,1800.0,"Weak
(4≤pK<6)"
5u4b,hierarchical_cpu,True,3.24,10.0,1.389498142480737,5.0,2025-12-07T20:03:25.192335,,1.45,2017,5.74,1.8,uM,Kd,1800.0,"Weak
(4≤pK<6)"
5u4b,enhanced_hierarchical_cpu,True,0.17,-4.544703037890272,6.964652474786963e-07,20.0,2025-12-07T20:03:25.367232,,1.45,2017,5.74,1.8,uM,Kd,1800.0,"Weak
(4≤pK<6)"
5u4b,crystal_guided_cpu,True,2.13,-1.9347256706225855,1.3894981424828317,10.0,2025-12-07T20:03:27.503265,,1.45,2017,5.74,1.8,uM,Kd,1800.0,"Weak
(4≤pK<6)"
5u4b,cuda_monte_carlo,True,487.92,-2.0051212310791016,9.984018194810792e-06,1000.0,2025-12-07T20:11:35.425863,,1.45,2017,5.74,1.8,uM,Kd,1800.0,"Weak
(4≤pK<6)"
5u4b,cuda_genetic_algorithm,True,43.16,-1.5106641054153442,8.529922399520072e-07,100.0,2025-12-07T20:12:18.585001,,1.45,2017,5.74,1.8,uM,Kd,1800.0,"Weak
(4≤pK<6)"
5u4b,enhanced_hierarchical_gpu,True,0.68,-2.402512788772583,1.206313194339134e-06,100.0,2025-12-07T20:12:19.270638,,1.45,2017,5.74,1.8,uM,Kd,1800.0,"Weak
(4≤pK<6)"
5umx,monte_carlo_cpu,True,105.92,-134.72981572653373,1.1489001660657596,10.0,2025-12-07T20:14:05.197776,,1.59,2018,5.96,1.1,uM,Kd,1100.0,"Weak
(4≤pK<6)"
5umx,genetic_algorithm_cpu,True,4.04,-193.25197109275967,1.5247841780666007,10.0,2025-12-07T20:14:09.243599,,1.59,2018,5.96,1.1,uM,Kd,1100.0,"Weak
(4≤pK<6)"
5umx,hierarchical_cpu,True,4.35,-15.0,1.552672798175012,10.0,2025-12-07T20:14:13.597700,,1.59,2018,5.96,1.1,uM,Kd,1100.0,"Weak
(4≤pK<6)"
5umx,enhanced_hierarchical_cpu,True,0.21,-4.999362211139948,2.782153921087161e-07,20.0,2025-12-07T20:14:13.807282,,1.59,2018,5.96,1.1,uM,Kd,1100.0,"Weak
(4≤pK<6)"
5umx,crystal_guided_cpu,True,2.4,-1.9347256706225855,1.1177860089215568,10.0,2025-12-07T20:14:16.209168,,1.59,2018,5.96,1.1,uM,Kd,1100.0,"Weak
(4≤pK<6)"
5umx,cuda_monte_carlo,True,428.69,-0.8462061285972595,7.61924230515443e-07,1000.0,2025-12-07T20:21:24.897446,,1.59,2018,5.96,1.1,uM,Kd,1100.0,"Weak
(4≤pK<6)"
5umx,cuda_genetic_algorithm,True,30.63,-1.4971158504486084,3.4074287462735004e-07,100.0,2025-12-07T20:21:55.540260,,1.59,2018,5.96,1.1,uM,Kd,1100.0,"Weak
(4≤pK<6)"
5umx,enhanced_hierarchical_gpu,True,0.53,-2.477733373641968,5.204933384988931e-07,100.0,2025-12-07T20:21:56.067026,,1.59,2018,5.96,1.1,uM,Kd,1100.0,"Weak
(4≤pK<6)"
5upf,monte_carlo_cpu,True,49.2,0.0,2.085165037576432,6.0,2025-12-07T20:22:45.285664,,1.69,2017,8.6,2.5,nM,Ki,2.5,"Strong
(8≤pK<10)"
5upf,genetic_algorithm_cpu,True,7.29,103.6343943560304,1.718667681381029,10.0,2025-12-07T20:22:52.587903,,1.69,2017,8.6,2.5,nM,Ki,2.5,"Strong
(8≤pK<10)"
5upf,hierarchical_cpu,True,9.23,-15.0,1.718667681381029,8.0,2025-12-07T20:23:01.824013,,1.69,2017,8.6,2.5,nM,Ki,2.5,"Strong
(8≤pK<10)"
5upf,enhanced_hierarchical_cpu,True,0.39,-4.988583980610311,0.0,20.0,2025-12-07T20:23:02.221638,,1.69,2017,8.6,2.5,nM,Ki,2.5,"Strong
(8≤pK<10)"
5upf,crystal_guided_cpu,True,5.81,-1.9347256706225855,2.085165039009531,10.0,2025-12-07T20:23:08.037702,,1.69,2017,8.6,2.5,nM,Ki,2.5,"Strong
(8≤pK<10)"
5upf,cuda_genetic_algorithm,True,37.44,-1.9726841449737549,0.0,100.0,2025-12-07T20:23:47.231330,,1.69,2017,8.6,2.5,nM,Ki,2.5,"Strong
(8≤pK<10)"
5vh0,monte_carlo_cpu,True,272.42,-178.27237094839737,0.00664238477096,10.0,2025-12-07T20:28:21.619580,,2.06,2018,4.52,30.0,uM,Kd,30000.0,"Weak
(4≤pK<6)"
5vh0,genetic_algorithm_cpu,True,2.23,-217.8650714447087,0.0066424261426173,10.0,2025-12-07T20:28:23.854900,,2.06,2018,4.52,30.0,uM,Kd,30000.0,"Weak
(4≤pK<6)"
5vh0,hierarchical_cpu,True,2.46,-15.0,0.0066424300606937,10.0,2025-12-07T20:28:26.316056,,2.06,2018,4.52,30.0,uM,Kd,30000.0,"Weak
(4≤pK<6)"
5vh0,enhanced_hierarchical_cpu,True,0.12,-4.419109824438319,1.0580066608910165e-06,20.0,2025-12-07T20:28:26.435551,,2.06,2018,4.52,30.0,uM,Kd,30000.0,"Weak
(4≤pK<6)"
5vh0,crystal_guided_cpu,True,1.34,-1.9347256706225855,0.0066424265217861,10.0,2025-12-07T20:28:27.775302,,2.06,2018,4.52,30.0,uM,Kd,30000.0,"Weak
(4≤pK<6)"
5vh0,cuda_monte_carlo,True,246.03,-2.461536407470703,4.425959404871532e-06,1000.0,2025-12-07T20:32:33.803824,,2.06,2018,4.52,30.0,uM,Kd,30000.0,"Weak
(4≤pK<6)"
5vh0,cuda_genetic_algorithm,True,31.91,-1.443495273590088,2.116013321782033e-06,100.0,2025-12-07T20:33:05.714692,,2.06,2018,4.52,30.0,uM,Kd,30000.0,"Weak
(4≤pK<6)"
5vh0,enhanced_hierarchical_gpu,True,0.32,-2.428614377975464,2.116013321782033e-06,100.0,2025-12-07T20:33:06.035408,,2.06,2018,4.52,30.0,uM,Kd,30000.0,"Weak
(4≤pK<6)"
5wa8,monte_carlo_cpu,True,206.33,-250.7671774087139,2.557141306423385,10.0,2025-12-07T20:36:32.373782,,1.3,2017,6.23,0.587,uM,Kd,587.0,"Moderate
(6≤pK<8)"
5wa8,genetic_algorithm_cpu,True,3.79,-312.0054056365374,2.5306047222213413,10.0,2025-12-07T20:36:36.166050,,1.3,2017,6.23,0.587,uM,Kd,587.0,"Moderate
(6≤pK<8)"
5wa8,hierarchical_cpu,True,4.64,-15.0,2.530604722220939,10.0,2025-12-07T20:36:40.816224,,1.3,2017,6.23,0.587,uM,Kd,587.0,"Moderate
(6≤pK<8)"
5wa8,enhanced_hierarchical_cpu,True,0.21,-4.996371796560531,5.394796609394436e-07,20.0,2025-12-07T20:36:41.027902,,1.3,2017,6.23,0.587,uM,Kd,587.0,"Moderate
(6≤pK<8)"
5wa8,crystal_guided_cpu,True,2.5,-1.9347256706225855,1.9736154388596807,10.0,2025-12-07T20:36:43.531612,,1.3,2017,6.23,0.587,uM,Kd,587.0,"Moderate
(6≤pK<8)"
5wa8,cuda_monte_carlo,True,427.35,-0.1937657445669174,1.0049392602782817e-05,1000.0,2025-12-07T20:43:50.878926,,1.3,2017,6.23,0.587,uM,Kd,587.0,"Moderate
(6≤pK<8)"
5wa8,cuda_genetic_algorithm,True,33.01,-1.6796081066131592,8.962509250237069e-06,100.0,2025-12-07T20:44:23.888037,,1.3,2017,6.23,0.587,uM,Kd,587.0,"Moderate
(6≤pK<8)"
5wa8,enhanced_hierarchical_gpu,True,0.52,-3.645389080047608,1.9451215795870915e-06,100.0,2025-12-07T20:44:24.414030,,1.3,2017,6.23,0.587,uM,Kd,587.0,"Moderate
(6≤pK<8)"
5xsr,monte_carlo_cpu,True,43.27,0.0,2.378185120883524,10.0,2025-12-07T20:45:07.696228,,2.3,2018,7.69,20.3,nM,Kd,20.3,"Moderate
(6≤pK<8)"
5xsr,genetic_algorithm_cpu,True,4.24,-222.49604262719168,2.3827731310460494,10.0,2025-12-07T20:45:11.938924,,2.3,2018,7.69,20.3,nM,Kd,20.3,"Moderate
(6≤pK<8)"
5xsr,hierarchical_cpu,True,5.9,-15.0,2.3781851208833404,10.0,2025-12-07T20:45:17.837022,,2.3,2018,7.69,20.3,nM,Kd,20.3,"Moderate
(6≤pK<8)"
5xsr,enhanced_hierarchical_cpu,True,0.23,-4.9663656419810085,7.62939453125e-07,20.0,2025-12-07T20:45:18.072398,,2.3,2018,7.69,20.3,nM,Kd,20.3,"Moderate
(6≤pK<8)"
5xsr,crystal_guided_cpu,True,2.86,-1.9347256706225855,2.3781851208787512,10.0,2025-12-07T20:45:20.942361,,2.3,2018,7.69,20.3,nM,Kd,20.3,"Moderate
(6≤pK<8)"
5xsr,cuda_monte_carlo,True,540.7,-1.2484053373336792,3.7763576265761054e-06,1000.0,2025-12-07T20:54:21.648922,,2.3,2018,7.69,20.3,nM,Kd,20.3,"Moderate
(6≤pK<8)"
5xsr,cuda_genetic_algorithm,True,44.48,-1.655819535255432,1.321449895911314e-06,100.0,2025-12-07T20:55:06.133378,,2.3,2018,7.69,20.3,nM,Kd,20.3,"Moderate
(6≤pK<8)"
5xsr,enhanced_hierarchical_gpu,True,0.63,-2.863271474838257,1.7059844799040143e-06,100.0,2025-12-07T20:55:06.769586,,2.3,2018,7.69,20.3,nM,Kd,20.3,"Moderate
(6≤pK<8)"
6arn,monte_carlo_cpu,True,150.44,-198.07706523865332,1.6753043464296875,10.0,2025-12-07T20:57:37.213771,,1.25,2018,5.19,6.5,uM,Kd,6500.0,"Weak
(4≤pK<6)"
6arn,genetic_algorithm_cpu,True,2.76,-214.68618667225684,1.3579630008155428,10.0,2025-12-07T20:57:39.973921,,1.25,2018,5.19,6.5,uM,Kd,6500.0,"Weak
(4≤pK<6)"
6arn,hierarchical_cpu,True,3.17,-15.0,1.9824697970867815,10.0,2025-12-07T20:57:43.145596,,1.25,2018,5.19,6.5,uM,Kd,6500.0,"Weak
(4≤pK<6)"
6arn,enhanced_hierarchical_cpu,True,0.16,10.0,3.5006062907495388e-06,20.0,2025-12-07T20:57:43.304548,,1.25,2018,5.19,6.5,uM,Kd,6500.0,"Weak
(4≤pK<6)"
6arn,crystal_guided_cpu,True,1.89,-1.9347256706225855,1.6753043464479742,10.0,2025-12-07T20:57:45.192112,,1.25,2018,5.19,6.5,uM,Kd,6500.0,"Weak
(4≤pK<6)"
6arn,cuda_monte_carlo,True,257.47,-1.2831653356552124,1.3557789865701885e-05,1000.0,2025-12-07T21:02:02.664544,,1.25,2018,5.19,6.5,uM,Kd,6500.0,"Weak
(4≤pK<6)"
6arn,cuda_genetic_algorithm,True,37.71,-1.5160446166992188,0.0,100.0,2025-12-07T21:02:40.386625,,1.25,2018,5.19,6.5,uM,Kd,6500.0,"Weak
(4≤pK<6)"
6arn,enhanced_hierarchical_gpu,True,0.34,-2.6883544921875,8.574699202713262e-06,100.0,2025-12-07T21:02:40.726438,,1.25,2018,5.19,6.5,uM,Kd,6500.0,"Weak
(4≤pK<6)"
6b59,monte_carlo_cpu,True,91.9,-190.38948857454625,1.5848244395987106,10.0,2025-12-07T21:04:12.638765,,1.64,2018,8.09,8.2,nM,Ki,8.2,"Strong
(8≤pK<10)"
6b59,genetic_algorithm_cpu,True,3.49,-171.30426391705538,2.0244407238426896,10.0,2025-12-07T21:04:16.126178,,1.64,2018,8.09,8.2,nM,Ki,8.2,"Strong
(8≤pK<10)"
6b59,hierarchical_cpu,True,4.71,-15.0,2.3360560881370462,10.0,2025-12-07T21:04:20.840526,,1.64,2018,8.09,8.2,nM,Ki,8.2,"Strong
(8≤pK<10)"
6b59,enhanced_hierarchical_cpu,True,0.2,-4.9303488981596,1.06871705194134e-06,20.0,2025-12-07T21:04:21.037300,,1.64,2018,8.09,8.2,nM,Ki,8.2,"Strong
(8≤pK<10)"
6b59,crystal_guided_cpu,True,2.25,-1.9347256706225855,2.024440723838845,10.0,2025-12-07T21:04:23.284304,,1.64,2018,8.09,8.2,nM,Ki,8.2,"Strong
(8≤pK<10)"
6b59,cuda_monte_carlo,True,405.02,-1.4013234376907349,5.5303167384031205e-06,1000.0,2025-12-07T21:11:08.305942,,1.64,2018,8.09,8.2,nM,Ki,8.2,"Strong
(8≤pK<10)"
6b59,cuda_genetic_algorithm,True,32.94,-1.982709288597107,1.4688110963509535e-06,100.0,2025-12-07T21:11:41.251727,,1.64,2018,8.09,8.2,nM,Ki,8.2,"Strong
(8≤pK<10)"
6b59,enhanced_hierarchical_gpu,True,0.5,-2.78071403503418,3.2324315229561507e-06,100.0,2025-12-07T21:11:41.748630,,1.64,2018,8.09,8.2,nM,Ki,8.2,"Strong
(8≤pK<10)"
6d18,monte_carlo_cpu,True,24.97,0.0,1.6776659463411565,10.0,2025-12-07T21:12:06.737586,,1.35,2019,5.85,1.4,uM,Ki,1400.0,"Weak
(4≤pK<6)"
6d18,genetic_algorithm_cpu,True,2.57,-13.728447646436104,0.4444382353125981,10.0,2025-12-07T21:12:09.312004,,1.35,2019,5.85,1.4,uM,Ki,1400.0,"Weak
(4≤pK<6)"
6d18,hierarchical_cpu,True,2.83,-15.0,0.4444382353133902,10.0,2025-12-07T21:12:12.138995,,1.35,2019,5.85,1.4,uM,Ki,1400.0,"Weak
(4≤pK<6)"
6d18,enhanced_hierarchical_cpu,True,0.15,-4.959945272346289,3.425699272666453e-07,20.0,2025-12-07T21:12:12.291159,,1.35,2019,5.85,1.4,uM,Ki,1400.0,"Weak
(4≤pK<6)"
6d18,crystal_guided_cpu,True,1.8,-1.9347256706225855,1.6776659463421006,10.0,2025-12-07T21:12:14.096530,,1.35,2019,5.85,1.4,uM,Ki,1400.0,"Weak
(4≤pK<6)"
6d18,cuda_monte_carlo,True,328.47,-2.204253435134888,1.8763327668684567e-06,1000.0,2025-12-07T21:17:42.570667,,1.35,2019,5.85,1.4,uM,Ki,1400.0,"Weak
(4≤pK<6)"
6d18,cuda_genetic_algorithm,True,31.76,-1.6981709003448486,6.851398545332905e-07,100.0,2025-12-07T21:18:14.329783,,1.35,2019,5.85,1.4,uM,Ki,1400.0,"Weak
(4≤pK<6)"
6d18,enhanced_hierarchical_gpu,True,0.42,-2.875138998031616,1.0833012280408188e-06,100.0,2025-12-07T21:18:14.745994,,1.35,2019,5.85,1.4,uM,Ki,1400.0,"Weak
(4≤pK<6)"
6d1h,monte_carlo_cpu,True,38.61,0.0,0.3563472694942342,10.0,2025-12-07T21:18:53.360076,,1.25,2019,3.72,190.2,uM,Ki,190200.0,"Very Weak
(pK<4)"
6d1h,genetic_algorithm_cpu,True,2.12,-291.3120820239067,0.3563472694944305,10.0,2025-12-07T21:18:55.480681,,1.25,2019,3.72,190.2,uM,Ki,190200.0,"Very Weak
(pK<4)"
6d1h,hierarchical_cpu,True,3.08,-15.0,1.1607337546836496,10.0,2025-12-07T21:18:58.568036,,1.25,2019,3.72,190.2,uM,Ki,190200.0,"Very Weak
(pK<4)"
6d1h,enhanced_hierarchical_cpu,True,0.13,-4.846537379596929,0.0,20.0,2025-12-07T21:18:58.696648,,1.25,2019,3.72,190.2,uM,Ki,190200.0,"Very Weak
(pK<4)"
6d1h,crystal_guided_cpu,True,1.5,-1.9347256706225855,0.3563472695019892,10.0,2025-12-07T21:19:00.195981,,1.25,2019,3.72,190.2,uM,Ki,190200.0,"Very Weak
(pK<4)"
6d1h,cuda_monte_carlo,True,267.32,-2.4332971572875977,1.1221855266848605e-06,1000.0,2025-12-07T21:23:27.519847,,1.25,2019,3.72,190.2,uM,Ki,190200.0,"Very Weak
(pK<4)"
6d1h,cuda_genetic_algorithm,True,28.86,-1.4761898517608645,0.0,100.0,2025-12-07T21:23:56.378280,,1.25,2019,3.72,190.2,uM,Ki,190200.0,"Very Weak
(pK<4)"
6d1h,enhanced_hierarchical_gpu,True,0.35,-2.6597793102264404,8.772527799680709e-07,100.0,2025-12-07T21:23:56.728100,,1.25,2019,3.72,190.2,uM,Ki,190200.0,"Very Weak
(pK<4)"
6dq4,monte_carlo_cpu,True,33.9,0.0,3.02684145020773,7.0,2025-12-07T21:24:30.644027,,1.39,2018,4.92,12.0,uM,Kd,12000.0,"Weak
(4≤pK<6)"
6dq4,genetic_algorithm_cpu,True,4.21,-327.4813182146156,3.0268414502081926,10.0,2025-12-07T21:24:34.858236,,1.39,2018,4.92,12.0,uM,Kd,12000.0,"Weak
(4≤pK<6)"
6dq4,hierarchical_cpu,True,5.98,-15.0,3.026841450207684,10.0,2025-12-07T21:24:40.839951,,1.39,2018,4.92,12.0,uM,Kd,12000.0,"Weak
(4≤pK<6)"
6dq4,enhanced_hierarchical_cpu,True,0.24,-4.812621750521414,3.7406184222828683e-07,20.0,2025-12-07T21:24:41.086010,,1.39,2018,4.92,12.0,uM,Kd,12000.0,"Weak
(4≤pK<6)"
6dq4,crystal_guided_cpu,True,2.93,-1.9347256706225855,2.3973715386330947,10.0,2025-12-07T21:24:44.024708,,1.39,2018,4.92,12.0,uM,Kd,12000.0,"Weak
(4≤pK<6)"
6dq4,cuda_monte_carlo,True,547.35,-0.620225727558136,4.962491116241386e-06,1000.0,2025-12-07T21:33:51.375092,,1.39,2018,4.92,12.0,uM,Kd,12000.0,"Weak
(4≤pK<6)"
6dq4,cuda_genetic_algorithm,True,33.42,-1.980682134628296,0.0,100.0,2025-12-07T21:34:24.796768,,1.39,2018,4.92,12.0,uM,Kd,12000.0,"Weak
(4≤pK<6)"
6dq4,enhanced_hierarchical_gpu,True,0.74,-3.5380592346191406,2.116013321782033e-06,100.0,2025-12-07T21:34:25.538583,,1.39,2018,4.92,12.0,uM,Kd,12000.0,"Weak
(4≤pK<6)"
6fng,monte_carlo_cpu,True,39.17,0.0,4.093739966565609,10.0,2025-12-07T21:35:04.723625,,1.04,2018,7.14,73.0,nM,Kd,73.0,"Moderate
(6≤pK<8)"
6fng,genetic_algorithm_cpu,True,4.9,-281.3820837449124,4.125081750413455,10.0,2025-12-07T21:35:09.625422,,1.04,2018,7.14,73.0,nM,Kd,73.0,"Moderate
(6≤pK<8)"
6fng,hierarchical_cpu,True,4.9,-15.0,1.7975681964391257,10.0,2025-12-07T21:35:14.530624,,1.04,2018,7.14,73.0,nM,Kd,73.0,"Moderate
(6≤pK<8)"
6fng,enhanced_hierarchical_cpu,True,0.26,-4.905136397730375,0.0,20.0,2025-12-07T21:35:14.788202,,1.04,2018,7.14,73.0,nM,Kd,73.0,"Moderate
(6≤pK<8)"
6fng,crystal_guided_cpu,True,3.18,-1.9347256706225855,4.125081750409741,10.0,2025-12-07T21:35:17.974604,,1.04,2018,7.14,73.0,nM,Kd,73.0,"Moderate
(6≤pK<8)"
6fng,cuda_monte_carlo,True,557.17,-0.992543876171112,7.0012125814990775e-06,1000.0,2025-12-07T21:44:35.144343,,1.04,2018,7.14,73.0,nM,Kd,73.0,"Moderate
(6≤pK<8)"
6fng,cuda_genetic_algorithm,True,32.8,-1.498428225517273,6.703150712691947e-06,100.0,2025-12-07T21:45:07.952387,,1.04,2018,7.14,73.0,nM,Kd,73.0,"Moderate
(6≤pK<8)"
6fng,enhanced_hierarchical_gpu,True,0.67,-1.661496877670288,0.0,100.0,2025-12-07T21:45:08.621823,,1.04,2018,7.14,73.0,nM,Kd,73.0,"Moderate
(6≤pK<8)"
6iou,monte_carlo_cpu,True,17.78,0.0,1.3638972016266362,10.0,2025-12-07T21:45:26.409991,,2.1,2019,3.73,184.2,uM,Kd,184200.0,"Very Weak
(pK<4)"
6iou,genetic_algorithm_cpu,True,1.54,-161.2101224061689,1.0619086009887129,10.0,2025-12-07T21:45:27.950475,,2.1,2019,3.73,184.2,uM,Kd,184200.0,"Very Weak
(pK<4)"
6iou,hierarchical_cpu,True,1.66,-15.0,1.3638944173654604,10.0,2025-12-07T21:45:29.612338,,2.1,2019,3.73,184.2,uM,Kd,184200.0,"Very Weak
(pK<4)"
6iou,enhanced_hierarchical_cpu,True,0.08,-4.9903314344767145,0.0,20.0,2025-12-07T21:45:29.697219,,2.1,2019,3.73,184.2,uM,Kd,184200.0,"Very Weak
(pK<4)"
6iou,crystal_guided_cpu,True,0.94,-1.9347256706225855,1.3638944173672831,10.0,2025-12-07T21:45:30.640243,,2.1,2019,3.73,184.2,uM,Kd,184200.0,"Very Weak
(pK<4)"
6iou,cuda_monte_carlo,True,193.04,-2.6390182971954346,6.514835844650013e-06,1000.0,2025-12-07T21:48:43.681612,,2.1,2019,3.73,184.2,uM,Kd,184200.0,"Very Weak
(pK<4)"
6iou,cuda_genetic_algorithm,True,34.39,-1.8874213695526123,0.0,100.0,2025-12-07T21:49:18.073904,,2.1,2019,3.73,184.2,uM,Kd,184200.0,"Very Weak
(pK<4)"
6iou,enhanced_hierarchical_gpu,True,0.27,-2.066477537155152,7.786718186642895e-07,100.0,2025-12-07T21:49:18.345415,,2.1,2019,3.73,184.2,uM,Kd,184200.0,"Very Weak
(pK<4)"
6jdl,monte_carlo_cpu,True,206.45,-176.07726361296855,2.514764477715365,10.0,2025-12-07T21:52:44.815754,,2.25,2019,4.89,13.0,uM,Kd,13000.0,"Weak
(4≤pK<6)"
6jdl,genetic_algorithm_cpu,True,3.88,-174.0424101034745,1.9714723192665573,10.0,2025-12-07T21:52:48.700797,,2.25,2019,4.89,13.0,uM,Kd,13000.0,"Weak
(4≤pK<6)"
6jdl,hierarchical_cpu,True,5.22,-15.0,2.5147644777151803,10.0,2025-12-07T21:52:53.920857,,2.25,2019,4.89,13.0,uM,Kd,13000.0,"Weak
(4≤pK<6)"
6jdl,enhanced_hierarchical_cpu,True,0.21,-4.977774591240393,3.4074287462735e-06,20.0,2025-12-07T21:52:54.132392,,2.25,2019,4.89,13.0,uM,Kd,13000.0,"Weak
(4≤pK<6)"
6jdl,crystal_guided_cpu,True,2.61,-1.9347256706225855,3.18477370066683,10.0,2025-12-07T21:52:56.740737,,2.25,2019,4.89,13.0,uM,Kd,13000.0,"Weak
(4≤pK<6)"
6jdl,cuda_monte_carlo,True,419.0,-1.3762223720550537,2.303986307723562e-05,1000.0,2025-12-07T21:59:55.742709,,2.25,2019,4.89,13.0,uM,Kd,13000.0,"Weak
(4≤pK<6)"
6jdl,cuda_genetic_algorithm,True,33.05,-1.701390504837036,3.934559807810949e-07,100.0,2025-12-07T22:00:28.793893,,2.25,2019,4.89,13.0,uM,Kd,13000.0,"Weak
(4≤pK<6)"
6jdl,enhanced_hierarchical_gpu,True,0.6,-3.161466360092163,1.8869485956658984e-06,100.0,2025-12-07T22:00:29.399773,,2.25,2019,4.89,13.0,uM,Kd,13000.0,"Weak
(4≤pK<6)"
6jon,monte_carlo_cpu,True,104.38,-161.39819573123455,2.8865850790847616,10.0,2025-12-07T22:02:13.789181,,2.34,2019,4.88,13.2,uM,Kd,13200.0,"Weak
(4≤pK<6)"
6jon,genetic_algorithm_cpu,True,3.8,-160.0360395815702,2.4148941810991644,10.0,2025-12-07T22:02:17.586524,,2.34,2019,4.88,13.2,uM,Kd,13200.0,"Weak
(4≤pK<6)"
6jon,hierarchical_cpu,True,4.17,-15.0,2.1872858410670672,10.0,2025-12-07T22:02:21.764346,,2.34,2019,4.88,13.2,uM,Kd,13200.0,"Weak
(4≤pK<6)"
6jon,enhanced_hierarchical_cpu,True,0.21,-4.812384390968514,3.977096825734611e-07,20.0,2025-12-07T22:02:21.975134,,2.34,2019,4.88,13.2,uM,Kd,13200.0,"Weak
(4≤pK<6)"
6jon,crystal_guided_cpu,True,2.57,-1.9347256706225855,2.886585079076597,10.0,2025-12-07T22:02:24.544684,,2.34,2019,4.88,13.2,uM,Kd,13200.0,"Weak
(4≤pK<6)"
6jon,cuda_monte_carlo,True,442.68,-2.2166433334350586,6.690512433766889e-06,1000.0,2025-12-07T22:09:47.225042,,2.34,2019,4.88,13.2,uM,Kd,13200.0,"Weak
(4≤pK<6)"
6jon,cuda_genetic_algorithm,True,34.0,-1.898248672485352,3.977096825734611e-07,100.0,2025-12-07T22:10:21.230514,,2.34,2019,4.88,13.2,uM,Kd,13200.0,"Weak
(4≤pK<6)"
6jon,enhanced_hierarchical_gpu,True,0.55,-2.356968641281128,1.052240914091817e-06,100.0,2025-12-07T22:10:21.777733,,2.34,2019,4.88,13.2,uM,Kd,13200.0,"Weak
(4≤pK<6)"
6p84,monte_carlo_cpu,True,54.81,0.0,1.05163836493323,10.0,2025-12-07T22:11:16.603396,,1.7,2019,4.81,15.6,uM,Kd,15600.0,"Weak
(4≤pK<6)"
6p84,genetic_algorithm_cpu,True,5.96,-161.0228723718481,0.5801410818054273,10.0,2025-12-07T22:11:22.563665,,1.7,2019,4.81,15.6,uM,Kd,15600.0,"Weak
(4≤pK<6)"
6p84,hierarchical_cpu,True,6.03,-15.0,0.5801410818055608,7.0,2025-12-07T22:11:28.596719,,1.7,2019,4.81,15.6,uM,Kd,15600.0,"Weak
(4≤pK<6)"
6p84,enhanced_hierarchical_cpu,True,0.41,-4.996054216128404,0.0,20.0,2025-12-07T22:11:29.011656,,1.7,2019,4.81,15.6,uM,Kd,15600.0,"Weak
(4≤pK<6)"
6p84,crystal_guided_cpu,True,5.01,-1.9347256706225855,0.5801410818241064,10.0,2025-12-07T22:11:34.037067,,1.7,2019,4.81,15.6,uM,Kd,15600.0,"Weak
(4≤pK<6)"
6p84,cuda_genetic_algorithm,True,37.42,-1.4607973098754885,1.1128615684348645e-06,100.0,2025-12-07T22:12:13.006087,,1.7,2019,4.81,15.6,uM,Kd,15600.0,"Weak
(4≤pK<6)"
6phx,monte_carlo_cpu,True,55.1,0.0,2.572919502877007,10.0,2025-12-07T22:13:09.765440,,2.0,2019,3.32,478.6,uM,Kd,478600.0,"Very Weak
(pK<4)"
6phx,genetic_algorithm_cpu,True,6.86,-108.97775536860595,2.5729195028723795,10.0,2025-12-07T22:13:16.630783,,2.0,2019,3.32,478.6,uM,Kd,478600.0,"Very Weak
(pK<4)"
6phx,hierarchical_cpu,True,7.65,-15.0,3.9602378257599593,10.0,2025-12-07T22:13:24.280687,,2.0,2019,3.32,478.6,uM,Kd,478600.0,"Very Weak
(pK<4)"
6phx,enhanced_hierarchical_cpu,True,0.38,-4.983580006006518,0.0,20.0,2025-12-07T22:13:24.659250,,2.0,2019,3.32,478.6,uM,Kd,478600.0,"Very Weak
(pK<4)"
6phx,crystal_guided_cpu,True,5.34,-1.9347256706225855,3.9602378257683104,10.0,2025-12-07T22:13:30.003625,,2.0,2019,3.32,478.6,uM,Kd,478600.0,"Very Weak
(pK<4)"
6phx,cuda_genetic_algorithm,True,37.4,-1.6650269031524658,0.0,100.0,2025-12-07T22:14:09.378366,,2.0,2019,3.32,478.6,uM,Kd,478600.0,"Very Weak
(pK<4)"
6phx,enhanced_hierarchical_gpu,True,1.76,-3.469910860061645,3.98432134908366e-06,100.0,2025-12-07T22:14:11.138395,,2.0,2019,3.32,478.6,uM,Kd,478600.0,"Very Weak
(pK<4)"
6pve,monte_carlo_cpu,True,68.29,-213.96409036613613,2.7898313835278947,3.0,2025-12-07T22:15:19.443040,,2.3,2019,7.37,43.0,nM,Ki,43.0,"Moderate
(6≤pK<8)"
6pve,enhanced_hierarchical_cpu,True,0.31,-4.964670574470063,0.0,20.0,2025-12-07T22:25:23.153333,,2.3,2019,7.37,43.0,nM,Ki,43.0,"Moderate
(6≤pK<8)"
6pve,crystal_guided_cpu,True,3.84,-1.9347256706225855,3.889143235112264,10.0,2025-12-07T22:25:27.001264,,2.3,2019,7.37,43.0,nM,Ki,43.0,"Moderate
(6≤pK<8)"
6pve,cuda_genetic_algorithm,True,33.37,-1.5277292728424072,0.0,100.0,2025-12-07T22:36:00.393026,,2.3,2019,7.37,43.0,nM,Ki,43.0,"Moderate
(6≤pK<8)"
6pve,enhanced_hierarchical_gpu,True,0.73,-3.544117927551269,0.0,100.0,2025-12-07T22:36:01.128521,,2.3,2019,7.37,43.0,nM,Ki,43.0,"Moderate
(6≤pK<8)"
6qlp,monte_carlo_cpu,True,119.19,-134.04532472723616,1.4669890251304536,10.0,2025-12-07T22:38:00.342230,,1.08,2019,5.28,5.2,uM,Kd,5200.0,"Weak
(4≤pK<6)"
6qlp,genetic_algorithm_cpu,True,3.41,-179.3691585511757,1.6317555652964222,10.0,2025-12-07T22:38:03.752401,,1.08,2019,5.28,5.2,uM,Kd,5200.0,"Weak
(4≤pK<6)"
6qlp,hierarchical_cpu,True,4.05,-15.0,1.6317555652965294,10.0,2025-12-07T22:38:07.804661,,1.08,2019,5.28,5.2,uM,Kd,5200.0,"Weak
(4≤pK<6)"
6qlp,enhanced_hierarchical_cpu,True,0.22,-4.83761535658313,8.752567528539428e-06,20.0,2025-12-07T22:38:08.023177,,1.08,2019,5.28,5.2,uM,Kd,5200.0,"Weak
(4≤pK<6)"
6qlp,crystal_guided_cpu,True,2.52,-1.9347256706225855,1.6635420594624308,10.0,2025-12-07T22:38:10.545013,,1.08,2019,5.28,5.2,uM,Kd,5200.0,"Weak
(4≤pK<6)"
6qlp,cuda_monte_carlo,True,308.74,-0.7290216088294983,1.2406227790603464e-06,1000.0,2025-12-07T22:43:19.288138,,1.08,2019,5.28,5.2,uM,Kd,5200.0,"Weak
(4≤pK<6)"
6qlp,cuda_genetic_algorithm,True,33.55,-1.5517497062683103,5.290033304455081e-07,100.0,2025-12-07T22:43:52.842132,,1.08,2019,5.28,5.2,uM,Kd,5200.0,"Weak
(4≤pK<6)"
6qlp,enhanced_hierarchical_gpu,True,0.4,-3.091352701187134,1.1221855266848604e-05,100.0,2025-12-07T22:43:53.242160,,1.08,2019,5.28,5.2,uM,Kd,5200.0,"Weak
(4≤pK<6)"
6qr3,monte_carlo_cpu,True,77.01,-182.3398866949096,2.60441320113383,10.0,2025-12-07T22:45:10.369898,,1.61,2019,6.44,0.36,uM,Kd,360.0,"Moderate
(6≤pK<8)"
6qr3,genetic_algorithm_cpu,True,5.85,-406.10658830970095,2.085335494517744,10.0,2025-12-07T22:45:16.324191,,1.61,2019,6.44,0.36,uM,Kd,360.0,"Moderate
(6≤pK<8)"
6qr3,hierarchical_cpu,True,5.73,-15.0,2.604413201115933,10.0,2025-12-07T22:45:22.166836,,1.61,2019,6.44,0.36,uM,Kd,360.0,"Moderate
(6≤pK<8)"
6qr3,enhanced_hierarchical_cpu,True,0.3,-4.967458177800323,4.76837158203125e-07,20.0,2025-12-07T22:45:22.571531,,1.61,2019,6.44,0.36,uM,Kd,360.0,"Moderate
(6≤pK<8)"
6qr3,crystal_guided_cpu,True,4.18,-1.9347256706225855,2.853164413363669,10.0,2025-12-07T22:45:26.852801,,1.61,2019,6.44,0.36,uM,Kd,360.0,"Moderate
(6≤pK<8)"
6qr3,cuda_genetic_algorithm,True,32.94,-1.479626178741455,6.743495761743046e-07,100.0,2025-12-07T22:56:00.058990,,1.61,2019,6.44,0.36,uM,Kd,360.0,"Moderate
(6≤pK<8)"
6qr3,enhanced_hierarchical_gpu,True,0.93,-3.183753252029419,1.3486991523486091e-06,100.0,2025-12-07T22:56:01.096068,,1.61,2019,6.44,0.36,uM,Kd,360.0,"Moderate
(6≤pK<8)"
6qz5,monte_carlo_cpu,True,74.37,0.0,2.6335242668220484,10.0,2025-12-07T22:57:16.194421,,2.0,2019,6.08,0.83,uM,Kd,830.0,"Moderate
(6≤pK<8)"
6qz5,genetic_algorithm_cpu,True,6.16,-238.8755218555521,2.2892595138909027,10.0,2025-12-07T22:57:23.026238,,2.0,2019,6.08,0.83,uM,Kd,830.0,"Moderate
(6≤pK<8)"
6qz5,hierarchical_cpu,True,5.93,-15.0,2.289259513890895,10.0,2025-12-07T22:57:29.657662,,2.0,2019,6.08,0.83,uM,Kd,830.0,"Moderate
(6≤pK<8)"
6qz5,enhanced_hierarchical_cpu,True,0.31,-4.9957860774410925,0.0,20.0,2025-12-07T22:57:30.634137,,2.0,2019,6.08,0.83,uM,Kd,830.0,"Moderate
(6≤pK<8)"
6qz5,crystal_guided_cpu,True,3.77,-1.9347256706225855,2.28925951389332,10.0,2025-12-07T22:57:35.089518,,2.0,2019,6.08,0.83,uM,Kd,830.0,"Moderate
(6≤pK<8)"
6qz5,cuda_monte_carlo,True,428.86,7.933753490447998,3.487345206470367e-06,1000.0,2025-12-07T23:04:44.622717,,2.0,2019,6.08,0.83,uM,Kd,830.0,"Moderate
(6≤pK<8)"
6qz5,cuda_genetic_algorithm,True,33.52,-1.438683271408081,0.0,100.0,2025-12-07T23:05:18.811653,,2.0,2019,6.08,0.83,uM,Kd,830.0,"Moderate
(6≤pK<8)"
6qz5,enhanced_hierarchical_gpu,True,0.53,-2.9016096591949463,7.711482430101775e-07,100.0,2025-12-07T23:05:20.006519,,2.0,2019,6.08,0.83,uM,Kd,830.0,"Moderate
(6≤pK<8)"
6r8l,monte_carlo_cpu,True,72.64,0.0,3.455259671193305,10.0,2025-12-07T23:06:32.664736,,1.64,2019,6.17,0.67,uM,Kd,670.0,"Moderate
(6≤pK<8)"
6r8l,genetic_algorithm_cpu,True,4.77,-360.1876835839745,2.941518362689676,10.0,2025-12-07T23:06:37.439680,,1.64,2019,6.17,0.67,uM,Kd,670.0,"Moderate
(6≤pK<8)"
6r8l,hierarchical_cpu,True,5.57,-15.0,3.4552596711933363,10.0,2025-12-07T23:06:43.008299,,1.64,2019,6.17,0.67,uM,Kd,670.0,"Moderate
(6≤pK<8)"
6r8l,enhanced_hierarchical_cpu,True,0.27,10.0,0.0,20.0,2025-12-07T23:06:43.284692,,1.64,2019,6.17,0.67,uM,Kd,670.0,"Moderate
(6≤pK<8)"
6r8l,crystal_guided_cpu,True,3.31,-1.9347256706225855,3.365796128852446,10.0,2025-12-07T23:06:46.597551,,1.64,2019,6.17,0.67,uM,Kd,670.0,"Moderate
(6≤pK<8)"
6r8l,cuda_monte_carlo,True,403.12,0.2694707810878753,6.432357394981594e-06,1000.0,2025-12-07T23:13:29.724053,,1.64,2019,6.17,0.67,uM,Kd,670.0,"Moderate
(6≤pK<8)"
6r8l,cuda_genetic_algorithm,True,32.24,-1.4282691478729248,0.0,100.0,2025-12-07T23:14:01.975746,,1.64,2019,6.17,0.67,uM,Kd,670.0,"Moderate
(6≤pK<8)"
6r8l,enhanced_hierarchical_gpu,True,0.49,-2.2325356006622314,0.0,100.0,2025-12-07T23:14:02.472441,,1.64,2019,6.17,0.67,uM,Kd,670.0,"Moderate
(6≤pK<8)"
6t1i,monte_carlo_cpu,True,106.03,-46.60864650061706,1.3430157106798433,10.0,2025-12-07T23:15:48.518306,,1.8,2019,5.26,5.5,uM,Kd,5500.0,"Weak
(4≤pK<6)"
6t1i,genetic_algorithm_cpu,True,2.28,-168.06047510508117,1.34301571067987,10.0,2025-12-07T23:15:50.803759,,1.8,2019,5.26,5.5,uM,Kd,5500.0,"Weak
(4≤pK<6)"
6t1i,hierarchical_cpu,True,4.73,-15.0,1.3430157106798433,10.0,2025-12-07T23:15:55.541529,,1.8,2019,5.26,5.5,uM,Kd,5500.0,"Weak
(4≤pK<6)"
6t1i,enhanced_hierarchical_cpu,True,0.23,10.0,3.056895848729668e-06,20.0,2025-12-07T23:15:55.780090,,1.8,2019,5.26,5.5,uM,Kd,5500.0,"Weak
(4≤pK<6)"
6t1i,crystal_guided_cpu,True,2.42,-1.9347256706225855,2.136191921904225,10.0,2025-12-07T23:15:58.205636,,1.8,2019,5.26,5.5,uM,Kd,5500.0,"Weak
(4≤pK<6)"
6t1i,cuda_monte_carlo,True,303.61,-0.0251896455883979,1.869575612677778e-06,1000.0,2025-12-07T23:21:01.823754,,1.8,2019,5.26,5.5,uM,Kd,5500.0,"Weak
(4≤pK<6)"
6t1i,cuda_genetic_algorithm,True,33.39,-1.8719303607940676,0.0,100.0,2025-12-07T23:21:35.219353,,1.8,2019,5.26,5.5,uM,Kd,5500.0,"Weak
(4≤pK<6)"
6t1i,enhanced_hierarchical_gpu,True,0.39,-1.863114833831787,1.0683289215301588e-06,100.0,2025-12-07T23:21:35.617437,,1.8,2019,5.26,5.5,uM,Kd,5500.0,"Weak
(4≤pK<6)"
